LOCFileNumber,order_office,OrderDate,CustomerName,snapshot_date,wo_count,has_wo_flag
LOC-1-2603-000001,FKSSBY,2026-03-01,PT. FKS MULTI AGRO TBK,2026-03-10,1,1
LOC-1-2603-000002,FKSSBY,2026-03-01,PT. FKS MULTI AGRO TBK,2026-03-10,1,1
LOC-1-2603-000003,FKSSBY,2026-03-01,PT. FKS MULTI AGRO TBK,2026-03-10,1,1
LOC-1-2603-000004,FKSSBY,2026-03-01,PT. FKS MULTI AGRO TBK,2026-03-10,1,1
LOC-1-2603-000005,FKSSBY,2026-03-01,PT. FKS MULTI AGRO TBK,2026-03-10,1,1
LOC-1-2603-000006,FKSSBY,2026-03-01,PT. FKS MULTI AGRO TBK,2026-03-10,1,1
LOC-1-2603-000007,FKSSBY,2026-03-01,PT. FKS MULTI AGRO TBK,2026-03-10,1,1
LOC-1-2603-000008,FKSSBY,2026-03-01,PT. FKS MULTI AGRO TBK,2026-03-10,1,1
LOC-1-2603-000009,FKSSBY,2026-03-01,PT. FKS MULTI AGRO TBK,2026-03-10,1,1
LOC-1-2603-000015,FKSSBY,2026-03-01,PT. FKS MULTI AGRO TBK,2026-03-10,1,1
LOC-1-2603-000016,FKSSBY,2026-03-01,PT. FKS MULTI AGRO TBK,2026-03-10,1,1
LOC-1-2603-000017,FKSSBY,2026-03-01,PT. FKS MULTI AGRO TBK,2026-03-10,1,1
LOC-1-2603-000018,FKSSBY,2026-03-01,PT. FKS MULTI AGRO TBK,2026-03-10,1,1
LOC-1-2603-000019,FKSSBY,2026-03-01,PT. FKS MULTI AGRO TBK,2026-03-10,1,1
LOC-1-2603-000020,FKSSBY,2026-03-01,PT. FKS MULTI AGRO TBK,2026-03-10,1,1
LOC-1-2603-000021,FKSSBY,2026-03-01,PT. FKS MULTI AGRO TBK,2026-03-10,1,1
LOC-1-2603-000022,FKSSBY,2026-03-01,PT. FKS MULTI AGRO TBK,2026-03-10,1,1
LOC-1-2603-000023,FKSSBY,2026-03-01,PT. FKS MULTI AGRO TBK,2026-03-10,1,1
LOC-1-2603-000024,FKSSBY,2026-03-01,PT. FKS MULTI AGRO TBK,2026-03-10,1,1
LOC-1-2603-000030,FKSSBY,2026-03-01,PT. FKS MULTI AGRO TBK,2026-03-10,1,1
LOC-1-2603-000031,FKSSBY,2026-03-01,PT. FKS MULTI AGRO TBK,2026-03-10,1,1
LOC-1-2603-000032,FKSSBY,2026-03-01,PT. FKS MULTI AGRO TBK,2026-03-10,1,1
LOC-1-2603-000033,FKSSBY,2026-03-01,PT. FKS MULTI AGRO TBK,2026-03-10,1,1
LOC-1-2603-000034,FKSSBY,2026-03-01,PT. FKS MULTI AGRO TBK,2026-03-10,1,1
LOC-1-2603-000076,FKSSBY,2026-03-02,BADAN INBISCO NIAGATAMA SEMESTA,2026-03-10,0,0
LOC-1-2603-000077,FKSSBY,2026-03-02,PT. FKS MULTI AGRO TBK,2026-03-10,1,1
LOC-1-2603-000078,FKSSBY,2026-03-02,PT. FKS MULTI AGRO TBK,2026-03-10,1,1
LOC-1-2603-000079,FKSSBY,2026-03-02,PT. FKS MULTI AGRO TBK,2026-03-10,1,1
LOC-1-2603-000080,FKSSBY,2026-03-02,PT. FKS MULTI AGRO TBK,2026-03-10,1,1
LOC-1-2603-000081,FKSSBY,2026-03-02,PT. FKS MULTI AGRO TBK,2026-03-10,1,1
LOC-1-2603-000082,FKSSBY,2026-03-02,PT. FKS MULTI AGRO TBK,2026-03-10,1,1
LOC-1-2603-000083,FKSSBY,2026-03-02,PT. FKS MULTI AGRO TBK,2026-03-10,1,1
LOC-1-2603-000084,FKSSBY,2026-03-02,PT. FKS MULTI AGRO TBK,2026-03-10,1,1
LOC-1-2603-000085,FKSSBY,2026-03-02,PT. FKS MULTI AGRO TBK,2026-03-10,1,1
LOC-1-2603-000086,FKSSBY,2026-03-02,PT. FKS MULTI AGRO TBK,2026-03-10,1,1
LOC-1-2603-000087,FKSSBY,2026-03-02,PT. FKS MULTI AGRO TBK,2026-03-10,1,1
LOC-1-2603-000088,FKSSBY,2026-03-02,PT. FKS MULTI AGRO TBK,2026-03-10,1,1
LOC-1-2603-000089,FKSSBY,2026-03-02,PT. FKS MULTI AGRO TBK,2026-03-10,1,1
LOC-1-2603-000090,FKSSBY,2026-03-02,PT. FKS MULTI AGRO TBK,2026-03-10,1,1
LOC-1-2603-000091,FKSSBY,2026-03-02,PT. FKS MULTI AGRO TBK,2026-03-10,1,1
LOC-1-2603-000093,FKSSBY,2026-03-02,PT. FKS MULTI AGRO TBK,2026-03-10,1,1
LOC-1-2603-000094,FKSSBY,2026-03-02,PT Kaldu Sari Nabati Indonesia,2026-03-10,1,1
LOC-1-2603-000095,FKSSBY,2026-03-02,PT Kaldu Sari Nabati Indonesia,2026-03-10,1,1
LOC-1-2603-000096,FKSSBY,2026-03-02,PT Kaldu Sari Nabati Indonesia,2026-03-10,1,1
LOC-1-2603-000097,FKSSBY,2026-03-02,PT Kaldu Sari Nabati Indonesia,2026-03-10,1,1
LOC-1-2603-000098,FKSSBY,2026-03-02,PT Kaldu Sari Nabati Indonesia,2026-03-10,1,1
LOC-1-2603-000099,FKSSBY,2026-03-03,PT Sewu Segar Nusantara (Sunpride),2026-03-10,0,0
LOC-1-2603-000100,FKSSBY,2026-03-03,PT Kaldu Sari Nabati Indonesia,2026-03-10,1,1
LOC-1-2603-000101,FKSSBY,2026-03-03,PT Kaldu Sari Nabati Indonesia,2026-03-10,1,1
LOC-1-2603-000102,FKSSBY,2026-03-03,PT Kaldu Sari Nabati Indonesia,2026-03-10,1,1
LOC-1-2603-000103,FKSSBY,2026-03-03,PT Kaldu Sari Nabati Indonesia,2026-03-10,1,1
LOC-1-2603-000104,FKSSBY,2026-03-03,PT Kaldu Sari Nabati Indonesia,2026-03-10,1,1
LOC-1-2603-000105,FKSSBY,2026-03-03,PT Kaldu Sari Nabati Indonesia,2026-03-10,1,1
LOC-1-2603-000106,FKSSBY,2026-03-03,PT Kaldu Sari Nabati Indonesia,2026-03-10,1,1
LOC-1-2603-000107,FKSSBY,2026-03-03,PT Kaldu Sari Nabati Indonesia,2026-03-10,1,1
LOC-1-2603-000108,FKSSBY,2026-03-03,PT.WAHANA INTRADERMAGA NIAGA,2026-03-10,1,1
LOC-1-2603-000109,FKSSBY,2026-03-03,PT.WAHANA INTRADERMAGA NIAGA,2026-03-10,1,1
LOC-1-2603-000110,FKSSBY,2026-03-03,PT.WAHANA INTRADERMAGA NIAGA,2026-03-10,1,1
LOC-1-2603-000111,FKSSBY,2026-03-03,PT.WAHANA INTRADERMAGA NIAGA,2026-03-10,1,1
LOC-1-2603-000112,FKSSBY,2026-03-03,PT.WAHANA INTRADERMAGA NIAGA,2026-03-10,1,1
LOC-1-2603-000113,FKSSBY,2026-03-03,PT.WAHANA INTRADERMAGA NIAGA,2026-03-10,1,1
LOC-1-2603-000114,FKSSBY,2026-03-03,PT.WAHANA INTRADERMAGA NIAGA,2026-03-10,1,1
LOC-1-2603-000115,FKSSBY,2026-03-03,PT.WAHANA INTRADERMAGA NIAGA,2026-03-10,1,1
LOC-1-2603-000116,FKSSBY,2026-03-03,PT.WAHANA INTRADERMAGA NIAGA,2026-03-10,1,1
LOC-1-2603-000117,FKSSBY,2026-03-03,PT.WAHANA INTRADERMAGA NIAGA,2026-03-10,1,1
LOC-1-2603-000118,FKSSBY,2026-03-03,PT.WAHANA INTRADERMAGA NIAGA,2026-03-10,1,1
LOC-1-2603-000119,FKSSBY,2026-03-03,PT.WAHANA INTRADERMAGA NIAGA,2026-03-10,1,1
LOC-1-2603-000120,FKSSBY,2026-03-03,PT.WAHANA INTRADERMAGA NIAGA,2026-03-10,1,1
LOC-1-2603-000121,FKSSBY,2026-03-03,PT.WAHANA INTRADERMAGA NIAGA,2026-03-10,1,1
LOC-1-2603-000122,FKSSBY,2026-03-03,PT.WAHANA INTRADERMAGA NIAGA,2026-03-10,1,1
LOC-1-2603-000123,FKSSBY,2026-03-03,PT.WAHANA INTRADERMAGA NIAGA,2026-03-10,1,1
LOC-1-2603-000124,FKSSBY,2026-03-03,PT.WAHANA INTRADERMAGA NIAGA,2026-03-10,1,1
LOC-1-2603-000125,FKSSBY,2026-03-03,PT.WAHANA INTRADERMAGA NIAGA,2026-03-10,1,1
LOC-1-2603-000126,FKSSBY,2026-03-03,PT.WAHANA INTRADERMAGA NIAGA,2026-03-10,1,1
LOC-1-2603-000127,FKSSBY,2026-03-03,PT.WAHANA INTRADERMAGA NIAGA,2026-03-10,1,1
LOC-1-2603-000128,FKSSBY,2026-03-03,PT. NEW HOPE JAWA TIMUR,2026-03-10,1,1
LOC-1-2603-000129,FKSSBY,2026-03-03,PT. NEW HOPE JAWA TIMUR,2026-03-10,1,1
LOC-1-2603-000130,FKSSBY,2026-03-03,PT. NEW HOPE JAWA TIMUR,2026-03-10,1,1
LOC-1-2603-000131,FKSSBY,2026-03-03,PT. NEW HOPE JAWA TIMUR,2026-03-10,1,1
LOC-1-2603-000132,FKSSBY,2026-03-03,PT. NEW HOPE JAWA TIMUR,2026-03-10,1,1
LOC-1-2603-000133,FKSSBY,2026-03-03,PT. NEW HOPE JAWA TIMUR,2026-03-10,1,1
LOC-1-2603-000134,FKSSBY,2026-03-03,PT. NEW HOPE JAWA TIMUR,2026-03-10,1,1
LOC-1-2603-000135,FKSSBY,2026-03-03,PT. NEW HOPE JAWA TIMUR,2026-03-10,1,1
LOC-1-2603-000136,FKSSBY,2026-03-03,PT. NEW HOPE JAWA TIMUR,2026-03-10,1,1
LOC-1-2603-000137,FKSSBY,2026-03-03,PT. NEW HOPE JAWA TIMUR,2026-03-10,1,1
LOC-1-2603-000138,FKSSBY,2026-03-02,PT. FKS MULTI AGRO TBK,2026-03-10,1,1
LOC-1-2603-000139,FKSSBY,2026-03-02,PT. FKS MULTI AGRO TBK,2026-03-10,1,1
LOC-1-2603-000140,FKSSBY,2026-03-02,PT. FKS MULTI AGRO TBK,2026-03-10,1,1
LOC-1-2603-000141,FKSSBY,2026-03-02,PT. FKS MULTI AGRO TBK,2026-03-10,1,1
LOC-1-2603-000142,FKSSBY,2026-03-02,PT. FKS MULTI AGRO TBK,2026-03-10,1,1
LOC-1-2603-000143,FKSSBY,2026-03-02,PT. FKS MULTI AGRO TBK,2026-03-10,1,1
LOC-1-2603-000144,FKSSBY,2026-03-02,PT. FKS MULTI AGRO TBK,2026-03-10,1,1
LOC-1-2603-000145,FKSSBY,2026-03-02,PT. FKS MULTI AGRO TBK,2026-03-10,1,1
LOC-1-2603-000146,FKSSBY,2026-03-02,PT. FKS MULTI AGRO TBK,2026-03-10,1,1
LOC-1-2603-000147,FKSSBY,2026-03-02,PT. FKS MULTI AGRO TBK,2026-03-10,1,1
LOC-1-2603-000148,FKSSBY,2026-03-02,PT. FKS MULTI AGRO TBK,2026-03-10,1,1
LOC-1-2603-000149,FKSSBY,2026-03-02,PT. FKS MULTI AGRO TBK,2026-03-10,1,1
LOC-1-2603-000150,FKSSBY,2026-03-02,PT. FKS MULTI AGRO TBK,2026-03-10,1,1
LOC-1-2603-000152,FKSSBY,2026-03-03,PT. FKS MULTI AGRO TBK,2026-03-10,1,1
LOC-1-2603-000153,FKSSBY,2026-03-02,PT. FKS MULTI AGRO TBK,2026-03-10,1,1
LOC-1-2603-000154,FKSSBY,2026-03-02,PT. FKS MULTI AGRO TBK,2026-03-10,1,1
LOC-1-2603-000155,FKSSBY,2026-03-04,PT. FKS MULTI AGRO TBK,2026-03-10,1,1
LOC-1-2603-000157,FKSSBY,2026-03-03,PT.WAHANA INTRADERMAGA NIAGA,2026-03-10,1,1
LOC-1-2603-000158,FKSSBY,2026-03-03,PT.WAHANA INTRADERMAGA NIAGA,2026-03-10,1,1
LOC-1-2603-000159,FKSSBY,2026-03-03,PT.WAHANA INTRADERMAGA NIAGA,2026-03-10,1,1
LOC-1-2603-000160,FKSSBY,2026-03-03,PT.WAHANA INTRADERMAGA NIAGA,2026-03-10,1,1
LOC-1-2603-000161,FKSSBY,2026-03-03,PT.WAHANA INTRADERMAGA NIAGA,2026-03-10,1,1
LOC-1-2603-000162,FKSSBY,2026-03-03,PT.WAHANA INTRADERMAGA NIAGA,2026-03-10,1,1
LOC-1-2603-000163,FKSSBY,2026-03-03,PT.WAHANA INTRADERMAGA NIAGA,2026-03-10,1,1
LOC-1-2603-000164,FKSSBY,2026-03-03,PT.WAHANA INTRADERMAGA NIAGA,2026-03-10,1,1
LOC-1-2603-000165,FKSSBY,2026-03-03,PT.WAHANA INTRADERMAGA NIAGA,2026-03-10,1,1
LOC-1-2603-000166,FKSSBY,2026-03-03,PT.WAHANA INTRADERMAGA NIAGA,2026-03-10,1,1
LOC-1-2603-000167,FKSSBY,2026-03-03,PT.WAHANA INTRADERMAGA NIAGA,2026-03-10,1,1
LOC-1-2603-000168,FKSSBY,2026-03-03,PT.WAHANA INTRADERMAGA NIAGA,2026-03-10,1,1
LOC-1-2603-000169,FKSSBY,2026-03-03,PT.WAHANA INTRADERMAGA NIAGA,2026-03-10,1,1
LOC-1-2603-000170,FKSSBY,2026-03-03,PT.WAHANA INTRADERMAGA NIAGA,2026-03-10,1,1
LOC-1-2603-000171,FKSSBY,2026-03-03,PT.WAHANA INTRADERMAGA NIAGA,2026-03-10,1,1
LOC-1-2603-000172,FKSSBY,2026-03-03,PT.WAHANA INTRADERMAGA NIAGA,2026-03-10,1,1
LOC-1-2603-000173,FKSSBY,2026-03-03,PT.WAHANA INTRADERMAGA NIAGA,2026-03-10,1,1
LOC-1-2603-000174,FKSSBY,2026-03-03,PT.WAHANA INTRADERMAGA NIAGA,2026-03-10,1,1
LOC-1-2603-000175,FKSSBY,2026-03-03,PT.WAHANA INTRADERMAGA NIAGA,2026-03-10,1,1
LOC-1-2603-000176,FKSSBY,2026-03-03,PT.WAHANA INTRADERMAGA NIAGA,2026-03-10,1,1
LOC-1-2603-000177,FKSSBY,2026-03-04,PT Kaldu Sari Nabati Indonesia,2026-03-10,1,1
LOC-1-2603-000178,FKSSBY,2026-03-04,PT Kaldu Sari Nabati Indonesia,2026-03-10,1,1
LOC-1-2603-000179,FKSSBY,2026-03-03,PT. NEW HOPE JAWA TIMUR,2026-03-10,1,1
LOC-1-2603-000180,FKSSBY,2026-03-03,PT. NEW HOPE JAWA TIMUR,2026-03-10,1,1
LOC-1-2603-000181,FKSSBY,2026-03-03,PT. NEW HOPE JAWA TIMUR,2026-03-10,1,1
LOC-1-2603-000182,FKSSBY,2026-03-03,PT. NEW HOPE JAWA TIMUR,2026-03-10,1,1
LOC-1-2603-000183,FKSSBY,2026-03-03,PT. NEW HOPE JAWA TIMUR,2026-03-10,1,1
LOC-1-2603-000184,FKSSBY,2026-03-03,PT. NEW HOPE JAWA TIMUR,2026-03-10,1,1
LOC-1-2603-000185,FKSSBY,2026-03-03,PT. NEW HOPE JAWA TIMUR,2026-03-10,1,1
LOC-1-2603-000186,FKSSBY,2026-03-03,PT. NEW HOPE JAWA TIMUR,2026-03-10,1,1
LOC-1-2603-000187,FKSSBY,2026-03-03,PT. NEW HOPE JAWA TIMUR,2026-03-10,1,1
LOC-1-2603-000188,FKSSBY,2026-03-03,PT. NEW HOPE JAWA TIMUR,2026-03-10,1,1
LOC-1-2603-000189,FKSSBY,2026-03-03,PT. NEW HOPE JAWA TIMUR,2026-03-10,1,1
LOC-1-2603-000190,FKSSBY,2026-03-03,PT. NEW HOPE JAWA TIMUR,2026-03-10,1,1
LOC-1-2603-000191,FKSSBY,2026-03-03,PT. NEW HOPE JAWA TIMUR,2026-03-10,1,1
LOC-1-2603-000192,FKSSBY,2026-03-03,PT.WAHANA INTRADERMAGA NIAGA,2026-03-10,1,1
LOC-1-2603-000193,FKSSBY,2026-03-03,PT.WAHANA INTRADERMAGA NIAGA,2026-03-10,1,1
LOC-1-2603-000194,FKSSBY,2026-03-03,PT.WAHANA INTRADERMAGA NIAGA,2026-03-10,1,1
LOC-1-2603-000195,FKSSBY,2026-03-03,PT.WAHANA INTRADERMAGA NIAGA,2026-03-10,1,1
LOC-1-2603-000196,FKSSBY,2026-03-03,PT.WAHANA INTRADERMAGA NIAGA,2026-03-10,1,1
LOC-1-2603-000197,FKSSBY,2026-03-03,PT.WAHANA INTRADERMAGA NIAGA,2026-03-10,1,1
LOC-1-2603-000198,FKSSBY,2026-03-03,PT.WAHANA INTRADERMAGA NIAGA,2026-03-10,1,1
LOC-1-2603-000199,FKSSBY,2026-03-03,PT.WAHANA INTRADERMAGA NIAGA,2026-03-10,1,1
LOC-1-2603-000200,FKSSBY,2026-03-03,PT.WAHANA INTRADERMAGA NIAGA,2026-03-10,1,1
LOC-1-2603-000201,FKSSBY,2026-03-03,PT.WAHANA INTRADERMAGA NIAGA,2026-03-10,1,1
LOC-1-2603-000202,FKSSBY,2026-03-03,PT. FKS MULTI AGRO TBK,2026-03-10,1,1
LOC-1-2603-000203,FKSSBY,2026-03-05,PT. FKS MULTI AGRO TBK,2026-03-10,1,1
LOC-1-2603-000204,FKSSBY,2026-03-05,PT. FKS MULTI AGRO TBK,2026-03-10,1,1
LOC-1-2603-000205,FKSSBY,2026-03-05,PT. FKS MULTI AGRO TBK,2026-03-10,1,1
LOC-1-2603-000206,FKSSBY,2026-03-05,PT. FKS MULTI AGRO TBK,2026-03-10,1,1
LOC-1-2603-000207,FKSSBY,2026-03-05,PT. FKS MULTI AGRO TBK,2026-03-10,1,1
LOC-1-2603-000208,FKSSBY,2026-03-05,PT. FKS MULTI AGRO TBK,2026-03-10,1,1
LOC-1-2603-000209,FKSSBY,2026-03-05,PT. FKS MULTI AGRO TBK,2026-03-10,1,1
LOC-1-2603-000210,FKSSBY,2026-03-03,PT.WAHANA INTRADERMAGA NIAGA,2026-03-10,1,1
LOC-1-2603-000211,FKSSBY,2026-03-03,PT.WAHANA INTRADERMAGA NIAGA,2026-03-10,1,1
LOC-1-2603-000212,FKSSBY,2026-03-03,PT.WAHANA INTRADERMAGA NIAGA,2026-03-10,1,1
LOC-1-2603-000213,FKSSBY,2026-03-03,PT.WAHANA INTRADERMAGA NIAGA,2026-03-10,1,1
LOC-1-2603-000214,FKSSBY,2026-03-03,PT.WAHANA INTRADERMAGA NIAGA,2026-03-10,1,1
LOC-1-2603-000215,FKSSBY,2026-03-03,PT.WAHANA INTRADERMAGA NIAGA,2026-03-10,1,1
LOC-1-2603-000216,FKSSBY,2026-03-03,PT.WAHANA INTRADERMAGA NIAGA,2026-03-10,1,1
LOC-1-2603-000217,FKSSBY,2026-03-03,PT.WAHANA INTRADERMAGA NIAGA,2026-03-10,1,1
LOC-1-2603-000218,FKSSBY,2026-03-03,PT.WAHANA INTRADERMAGA NIAGA,2026-03-10,1,1
LOC-1-2603-000219,FKSSBY,2026-03-03,PT.WAHANA INTRADERMAGA NIAGA,2026-03-10,1,1
LOC-1-2603-000220,FKSSBY,2026-03-03,PT. NEW HOPE JAWA TIMUR,2026-03-10,1,1
LOC-1-2603-000221,FKSSBY,2026-03-03,PT. NEW HOPE JAWA TIMUR,2026-03-10,1,1
LOC-1-2603-000222,FKSSBY,2026-03-03,PT. NEW HOPE JAWA TIMUR,2026-03-10,1,1
LOC-1-2603-000223,FKSSBY,2026-03-03,PT. NEW HOPE JAWA TIMUR,2026-03-10,1,1
LOC-1-2603-000224,FKSSBY,2026-03-03,PT. NEW HOPE JAWA TIMUR,2026-03-10,1,1
LOC-1-2603-000225,FKSSBY,2026-03-02,PT. FKS MULTI AGRO TBK,2026-03-10,1,1
LOC-1-2603-000226,FKSSBY,2026-03-02,PT. FKS MULTI AGRO TBK,2026-03-10,1,1
LOC-1-2603-000227,FKSSBY,2026-03-02,PT. FKS MULTI AGRO TBK,2026-03-10,1,1
LOC-1-2603-000228,FKSSBY,2026-03-02,PT. FKS MULTI AGRO TBK,2026-03-10,1,1
LOC-1-2603-000229,FKSSBY,2026-03-02,PT. FKS MULTI AGRO TBK,2026-03-10,1,1
LOC-1-2603-000230,FKSSBY,2026-03-02,PT. FKS MULTI AGRO TBK,2026-03-10,1,1
LOC-1-2603-000231,FKSSBY,2026-03-03,PT.WAHANA INTRADERMAGA NIAGA,2026-03-10,1,1
LOC-1-2603-000232,FKSSBY,2026-03-03,PT.WAHANA INTRADERMAGA NIAGA,2026-03-10,1,1
LOC-1-2603-000233,FKSSBY,2026-03-03,PT.WAHANA INTRADERMAGA NIAGA,2026-03-10,1,1
LOC-1-2603-000234,FKSSBY,2026-03-03,PT.WAHANA INTRADERMAGA NIAGA,2026-03-10,1,1
LOC-1-2603-000235,FKSSBY,2026-03-03,PT.WAHANA INTRADERMAGA NIAGA,2026-03-10,1,1
LOC-1-2603-000236,FKSSBY,2026-03-03,PT.WAHANA INTRADERMAGA NIAGA,2026-03-10,1,1
LOC-1-2603-000237,FKSSBY,2026-03-03,PT.WAHANA INTRADERMAGA NIAGA,2026-03-10,1,1
LOC-1-2603-000238,FKSSBY,2026-03-03,PT.WAHANA INTRADERMAGA NIAGA,2026-03-10,1,1
LOC-1-2603-000239,FKSSBY,2026-03-03,PT.WAHANA INTRADERMAGA NIAGA,2026-03-10,1,1
LOC-1-2603-000240,FKSSBY,2026-03-03,PT.WAHANA INTRADERMAGA NIAGA,2026-03-10,1,1
LOC-1-2603-000241,FKSSBY,2026-03-03,PT.WAHANA INTRADERMAGA NIAGA,2026-03-10,1,1
LOC-1-2603-000242,FKSSBY,2026-03-03,PT.WAHANA INTRADERMAGA NIAGA,2026-03-10,1,1
LOC-1-2603-000243,FKSSBY,2026-03-03,PT.WAHANA INTRADERMAGA NIAGA,2026-03-10,1,1
LOC-1-2603-000244,FKSSBY,2026-03-03,PT.WAHANA INTRADERMAGA NIAGA,2026-03-10,1,1
LOC-1-2603-000245,FKSSBY,2026-03-03,PT.WAHANA INTRADERMAGA NIAGA,2026-03-10,1,1
LOC-1-2603-000246,FKSSBY,2026-03-03,PT.WAHANA INTRADERMAGA NIAGA,2026-03-10,1,1
LOC-1-2603-000247,FKSSBY,2026-03-03,PT.WAHANA INTRADERMAGA NIAGA,2026-03-10,1,1
LOC-1-2603-000248,FKSSBY,2026-03-03,PT.WAHANA INTRADERMAGA NIAGA,2026-03-10,1,1
LOC-1-2603-000249,FKSSBY,2026-03-03,PT.WAHANA INTRADERMAGA NIAGA,2026-03-10,1,1
LOC-1-2603-000250,FKSSBY,2026-03-03,PT.WAHANA INTRADERMAGA NIAGA,2026-03-10,1,1
LOC-1-2603-000251,FKSSBY,2026-03-05,PT Kaldu Sari Nabati Indonesia,2026-03-10,1,1
LOC-1-2603-000252,FKSSBY,2026-03-05,PT Kaldu Sari Nabati Indonesia,2026-03-10,1,1
LOC-1-2603-000253,FKSSBY,2026-03-05,PT Kaldu Sari Nabati Indonesia,2026-03-10,1,1
LOC-1-2603-000254,FKSSBY,2026-03-03,PT. NEW HOPE JAWA TIMUR,2026-03-10,1,1
LOC-1-2603-000255,FKSSBY,2026-03-03,PT. NEW HOPE JAWA TIMUR,2026-03-10,1,1
LOC-1-2603-000256,FKSSBY,2026-03-03,PT.WAHANA INTRADERMAGA NIAGA,2026-03-10,1,1
LOC-1-2603-000257,FKSSBY,2026-03-03,PT.WAHANA INTRADERMAGA NIAGA,2026-03-10,1,1
LOC-1-2603-000258,FKSSBY,2026-03-03,PT.WAHANA INTRADERMAGA NIAGA,2026-03-10,1,1
LOC-1-2603-000259,FKSSBY,2026-03-03,PT.WAHANA INTRADERMAGA NIAGA,2026-03-10,1,1
LOC-1-2603-000260,FKSSBY,2026-03-03,PT.WAHANA INTRADERMAGA NIAGA,2026-03-10,1,1
LOC-1-2603-000261,FKSSBY,2026-03-03,PT.WAHANA INTRADERMAGA NIAGA,2026-03-10,1,1
LOC-1-2603-000262,FKSSBY,2026-03-03,PT.WAHANA INTRADERMAGA NIAGA,2026-03-10,1,1
LOC-1-2603-000263,FKSSBY,2026-03-03,PT.WAHANA INTRADERMAGA NIAGA,2026-03-10,1,1
LOC-1-2603-000264,FKSSBY,2026-03-03,PT.WAHANA INTRADERMAGA NIAGA,2026-03-10,1,1
LOC-1-2603-000265,FKSSBY,2026-03-03,PT.WAHANA INTRADERMAGA NIAGA,2026-03-10,1,1
LOC-1-2603-000266,FKSSBY,2026-03-03,PT.WAHANA INTRADERMAGA NIAGA,2026-03-10,1,1
LOC-1-2603-000267,FKSSBY,2026-03-03,PT.WAHANA INTRADERMAGA NIAGA,2026-03-10,1,1
LOC-1-2603-000268,FKSSBY,2026-03-03,PT.WAHANA INTRADERMAGA NIAGA,2026-03-10,1,1
LOC-1-2603-000269,FKSSBY,2026-03-03,PT.WAHANA INTRADERMAGA NIAGA,2026-03-10,1,1
LOC-1-2603-000270,FKSSBY,2026-03-03,PT.WAHANA INTRADERMAGA NIAGA,2026-03-10,1,1
LOC-1-2603-000271,FKSSBY,2026-03-06,PT. FKS MULTI AGRO TBK,2026-03-10,1,1
LOC-1-2603-000272,FKSSBY,2026-03-06,PT. FKS MULTI AGRO TBK,2026-03-10,1,1
LOC-1-2603-000273,FKSSBY,2026-03-06,PT. FKS MULTI AGRO TBK,2026-03-10,1,1
LOC-1-2603-000274,FKSSBY,2026-03-06,PT. FKS MULTI AGRO TBK,2026-03-10,1,1
LOC-1-2603-000275,FKSSBY,2026-03-06,PT. FKS MULTI AGRO TBK,2026-03-10,1,1
LOC-1-2603-000276,FKSSBY,2026-03-06,PT. FKS MULTI AGRO TBK,2026-03-10,1,1
LOC-1-2603-000277,FKSSBY,2026-03-06,PT. FKS MULTI AGRO TBK,2026-03-10,1,1
LOC-1-2603-000278,FKSSBY,2026-03-02,PT. FKS MULTI AGRO TBK,2026-03-10,1,1
LOC-1-2603-000279,FKSSBY,2026-03-02,PT. FKS MULTI AGRO TBK,2026-03-10,1,1
LOC-1-2603-000280,FKSSBY,2026-03-02,PT. FKS MULTI AGRO TBK,2026-03-10,1,1
LOC-1-2603-000281,FKSSBY,2026-03-02,PT. FKS MULTI AGRO TBK,2026-03-10,1,1
LOC-1-2603-000282,FKSSBY,2026-03-02,PT. FKS MULTI AGRO TBK,2026-03-10,1,1
LOC-1-2603-000283,FKSSBY,2026-03-02,PT. FKS MULTI AGRO TBK,2026-03-10,1,1
LOC-1-2603-000284,FKSSBY,2026-03-02,PT. FKS MULTI AGRO TBK,2026-03-10,1,1
LOC-1-2603-000285,FKSSBY,2026-03-02,PT. FKS MULTI AGRO TBK,2026-03-10,1,1
LOC-1-2603-000286,FKSSBY,2026-03-02,PT. FKS MULTI AGRO TBK,2026-03-10,1,1
LOC-1-2603-000287,FKSSBY,2026-03-02,PT. FKS MULTI AGRO TBK,2026-03-10,1,1
LOC-1-2603-000288,FKSSBY,2026-03-02,PT. FKS MULTI AGRO TBK,2026-03-10,1,1
LOC-1-2603-000289,FKSSBY,2026-03-02,PT. FKS MULTI AGRO TBK,2026-03-10,1,1
LOC-1-2603-000290,FKSSBY,2026-03-02,PT. FKS MULTI AGRO TBK,2026-03-10,1,1
LOC-1-2603-000291,FKSSBY,2026-03-02,PT. FKS MULTI AGRO TBK,2026-03-10,1,1
LOC-1-2603-000292,FKSSBY,2026-03-02,PT. FKS MULTI AGRO TBK,2026-03-10,1,1
LOC-1-2603-000293,FKSSBY,2026-03-02,PT. FKS MULTI AGRO TBK,2026-03-10,1,1
LOC-1-2603-000294,FKSSBY,2026-03-02,PT. FKS MULTI AGRO TBK,2026-03-10,1,1
LOC-1-2603-000295,FKSSBY,2026-03-02,PT. FKS MULTI AGRO TBK,2026-03-10,1,1
LOC-1-2603-000296,FKSSBY,2026-03-02,PT. FKS MULTI AGRO TBK,2026-03-10,1,1
LOC-1-2603-000297,FKSSBY,2026-03-02,PT. FKS MULTI AGRO TBK,2026-03-10,1,1
LOC-1-2603-000298,FKSSBY,2026-03-06,PT. FKS MULTI AGRO TBK,2026-03-10,1,1
LOC-1-2603-000299,FKSSBY,2026-03-06,PT.WAHANA INTRADERMAGA NIAGA,2026-03-10,1,1
LOC-1-2603-000300,FKSSBY,2026-03-06,PT.WAHANA INTRADERMAGA NIAGA,2026-03-10,1,1
LOC-1-2603-000301,FKSSBY,2026-03-06,PT.WAHANA INTRADERMAGA NIAGA,2026-03-10,1,1
LOC-1-2603-000302,FKSSBY,2026-03-06,PT.WAHANA INTRADERMAGA NIAGA,2026-03-10,1,1
LOC-1-2603-000303,FKSSBY,2026-03-06,PT.WAHANA INTRADERMAGA NIAGA,2026-03-10,1,1
LOC-1-2603-000304,FKSSBY,2026-03-06,PT.WAHANA INTRADERMAGA NIAGA,2026-03-10,1,1
LOC-1-2603-000305,FKSSBY,2026-03-06,PT.WAHANA INTRADERMAGA NIAGA,2026-03-10,1,1
LOC-1-2603-000306,FKSSBY,2026-03-06,PT.WAHANA INTRADERMAGA NIAGA,2026-03-10,1,1
LOC-1-2603-000307,FKSSBY,2026-03-06,PT.WAHANA INTRADERMAGA NIAGA,2026-03-10,1,1
LOC-1-2603-000308,FKSSBY,2026-03-06,PT.WAHANA INTRADERMAGA NIAGA,2026-03-10,1,1
LOC-1-2603-000309,FKSSBY,2026-03-06,PT.WAHANA INTRADERMAGA NIAGA,2026-03-10,1,1
LOC-1-2603-000310,FKSSBY,2026-03-06,PT.WAHANA INTRADERMAGA NIAGA,2026-03-10,1,1
LOC-1-2603-000311,FKSSBY,2026-03-06,PT.WAHANA INTRADERMAGA NIAGA,2026-03-10,1,1
LOC-1-2603-000312,FKSSBY,2026-03-06,PT.WAHANA INTRADERMAGA NIAGA,2026-03-10,1,1
LOC-1-2603-000313,FKSSBY,2026-03-06,PT.WAHANA INTRADERMAGA NIAGA,2026-03-10,1,1
LOC-1-2603-000314,FKSSBY,2026-03-06,PT.WAHANA INTRADERMAGA NIAGA,2026-03-10,1,1
LOC-1-2603-000315,FKSSBY,2026-03-06,PT.WAHANA INTRADERMAGA NIAGA,2026-03-10,1,1
LOC-1-2603-000316,FKSSBY,2026-03-06,PT.WAHANA INTRADERMAGA NIAGA,2026-03-10,1,1
LOC-1-2603-000317,FKSSBY,2026-03-06,PT.WAHANA INTRADERMAGA NIAGA,2026-03-10,1,1
LOC-1-2603-000318,FKSSBY,2026-03-06,PT.WAHANA INTRADERMAGA NIAGA,2026-03-10,1,1
LOC-1-2603-000319,FKSSBY,2026-03-06,PT. FKS MULTI AGRO TBK,2026-03-10,1,1
LOC-1-2603-000320,FKSSBY,2026-03-06,PT Kaldu Sari Nabati Indonesia,2026-03-10,1,1
LOC-1-2603-000321,FKSSBY,2026-03-06,PT.WAHANA INTRADERMAGA NIAGA,2026-03-10,1,1
LOC-1-2603-000322,FKSSBY,2026-03-06,PT.WAHANA INTRADERMAGA NIAGA,2026-03-10,1,1
LOC-1-2603-000323,FKSSBY,2026-03-06,PT.WAHANA INTRADERMAGA NIAGA,2026-03-10,1,1
LOC-1-2603-000324,FKSSBY,2026-03-06,PT.WAHANA INTRADERMAGA NIAGA,2026-03-10,1,1
LOC-1-2603-000325,FKSSBY,2026-03-06,PT.WAHANA INTRADERMAGA NIAGA,2026-03-10,1,1
LOC-1-2603-000326,FKSSBY,2026-03-06,PT.WAHANA INTRADERMAGA NIAGA,2026-03-10,1,1
LOC-1-2603-000327,FKSSBY,2026-03-06,PT.WAHANA INTRADERMAGA NIAGA,2026-03-10,1,1
LOC-1-2603-000328,FKSSBY,2026-03-06,PT.WAHANA INTRADERMAGA NIAGA,2026-03-10,1,1
LOC-1-2603-000329,FKSSBY,2026-03-06,PT.WAHANA INTRADERMAGA NIAGA,2026-03-10,1,1
LOC-1-2603-000330,FKSSBY,2026-03-06,PT.WAHANA INTRADERMAGA NIAGA,2026-03-10,1,1
LOC-1-2603-000331,FKSSBY,2026-03-02,PT. FKS MULTI AGRO TBK,2026-03-10,1,1
LOC-1-2603-000332,FKSSBY,2026-03-02,PT. FKS MULTI AGRO TBK,2026-03-10,1,1
LOC-1-2603-000333,FKSSBY,2026-03-06,PT. FKS MULTI AGRO TBK,2026-03-10,1,1
LOC-1-2603-000334,FKSSBY,2026-03-06,PT. FKS MULTI AGRO TBK,2026-03-10,1,1
LOC-1-2603-000335,FKSSBY,2026-03-06,PT. FKS MULTI AGRO TBK,2026-03-10,1,1
LOC-1-2603-000336,FKSSBY,2026-03-06,PT. FKS MULTI AGRO TBK,2026-03-10,1,1
LOC-1-2603-000337,FKSSBY,2026-03-06,PT. FKS MULTI AGRO TBK,2026-03-10,1,1
LOC-1-2603-000338,FKSSBY,2026-03-03,PT. NEW HOPE JAWA TIMUR,2026-03-10,1,1
LOC-1-2603-000339,FKSSBY,2026-03-03,PT. NEW HOPE JAWA TIMUR,2026-03-10,1,1
LOC-1-2603-000340,FKSSBY,2026-03-03,PT.WAHANA INTRADERMAGA NIAGA,2026-03-10,1,1
LOC-1-2603-000341,FKSSBY,2026-03-03,PT.WAHANA INTRADERMAGA NIAGA,2026-03-10,1,1
LOC-1-2603-000342,FKSSBY,2026-03-03,PT.WAHANA INTRADERMAGA NIAGA,2026-03-10,1,1
LOC-1-2603-000343,FKSSBY,2026-03-03,PT.WAHANA INTRADERMAGA NIAGA,2026-03-10,1,1
LOC-1-2603-000344,FKSSBY,2026-03-03,PT.WAHANA INTRADERMAGA NIAGA,2026-03-10,1,1
LOC-1-2603-000345,FKSSBY,2026-03-03,PT.WAHANA INTRADERMAGA NIAGA,2026-03-10,1,1
LOC-1-2603-000346,FKSSBY,2026-03-03,PT.WAHANA INTRADERMAGA NIAGA,2026-03-10,1,1
LOC-1-2603-000347,FKSSBY,2026-03-03,PT.WAHANA INTRADERMAGA NIAGA,2026-03-10,1,1
LOC-1-2603-000348,FKSSBY,2026-03-03,PT.WAHANA INTRADERMAGA NIAGA,2026-03-10,1,1
LOC-1-2603-000349,FKSSBY,2026-03-03,PT.WAHANA INTRADERMAGA NIAGA,2026-03-10,1,1
LOC-1-2603-000350,FKSSBY,2026-03-06,PT Kaldu Sari Nabati Indonesia,2026-03-10,1,1
LOC-1-2603-000351,FKSSBY,2026-03-06,PT Kaldu Sari Nabati Indonesia,2026-03-10,1,1
LOC-1-2603-000352,FKSSBY,2026-03-06,PT Kaldu Sari Nabati Indonesia,2026-03-10,1,1
LOC-1-2603-000353,FKSSBY,2026-03-06,PT Kaldu Sari Nabati Indonesia,2026-03-10,1,1
LOC-1-2603-000354,FKSSBY,2026-03-06,PT Kaldu Sari Nabati Indonesia,2026-03-10,1,1
LOC-1-2603-000355,FKSSBY,2026-03-06,PT Kaldu Sari Nabati Indonesia,2026-03-10,1,1
LOC-1-2603-000356,FKSSBY,2026-03-06,PT.WAHANA INTRADERMAGA NIAGA,2026-03-10,1,1
LOC-1-2603-000357,FKSSBY,2026-03-06,PT.WAHANA INTRADERMAGA NIAGA,2026-03-10,1,1
LOC-1-2603-000358,FKSSBY,2026-03-06,PT.WAHANA INTRADERMAGA NIAGA,2026-03-10,1,1
LOC-1-2603-000359,FKSSBY,2026-03-06,PT.WAHANA INTRADERMAGA NIAGA,2026-03-10,1,1
LOC-1-2603-000360,FKSSBY,2026-03-06,PT.WAHANA INTRADERMAGA NIAGA,2026-03-10,1,1
LOC-1-2603-000361,FKSSBY,2026-03-06,PT.WAHANA INTRADERMAGA NIAGA,2026-03-10,1,1
LOC-1-2603-000362,FKSSBY,2026-03-06,PT.WAHANA INTRADERMAGA NIAGA,2026-03-10,1,1
LOC-1-2603-000363,FKSSBY,2026-03-06,PT.WAHANA INTRADERMAGA NIAGA,2026-03-10,1,1
LOC-1-2603-000364,FKSSBY,2026-03-06,PT.WAHANA INTRADERMAGA NIAGA,2026-03-10,1,1
LOC-1-2603-000365,FKSSBY,2026-03-06,PT.WAHANA INTRADERMAGA NIAGA,2026-03-10,1,1
LOC-1-2603-000366,FKSSBY,2026-03-06,PT.WAHANA INTRADERMAGA NIAGA,2026-03-10,1,1
LOC-1-2603-000367,FKSSBY,2026-03-06,PT.WAHANA INTRADERMAGA NIAGA,2026-03-10,1,1
LOC-1-2603-000368,FKSSBY,2026-03-06,PT.WAHANA INTRADERMAGA NIAGA,2026-03-10,1,1
LOC-1-2603-000369,FKSSBY,2026-03-06,PT.WAHANA INTRADERMAGA NIAGA,2026-03-10,1,1
LOC-1-2603-000371,FKSSBY,2026-03-07,PT Kaldu Sari Nabati Indonesia,2026-03-10,1,1
LOC-1-2603-000372,FKSSBY,2026-03-07,PT Kaldu Sari Nabati Indonesia,2026-03-10,1,1
LOC-1-2603-000373,FKSSBY,2026-03-07,PT Kaldu Sari Nabati Indonesia,2026-03-10,1,1
LOC-1-2603-000374,FKSSBY,2026-03-06,PT.WAHANA INTRADERMAGA NIAGA,2026-03-10,1,1
LOC-1-2603-000375,FKSSBY,2026-03-06,PT.WAHANA INTRADERMAGA NIAGA,2026-03-10,1,1
LOC-1-2603-000376,FKSSBY,2026-03-06,PT.WAHANA INTRADERMAGA NIAGA,2026-03-10,1,1
LOC-1-2603-000377,FKSSBY,2026-03-06,PT.WAHANA INTRADERMAGA NIAGA,2026-03-10,1,1
LOC-1-2603-000378,FKSSBY,2026-03-06,PT.WAHANA INTRADERMAGA NIAGA,2026-03-10,1,1
LOC-1-2603-000379,FKSSBY,2026-03-06,PT.WAHANA INTRADERMAGA NIAGA,2026-03-10,1,1
LOC-1-2603-000380,FKSSBY,2026-03-06,PT.WAHANA INTRADERMAGA NIAGA,2026-03-10,1,1
LOC-1-2603-000381,FKSSBY,2026-03-06,PT.WAHANA INTRADERMAGA NIAGA,2026-03-10,1,1
LOC-1-2603-000382,FKSSBY,2026-03-06,PT.WAHANA INTRADERMAGA NIAGA,2026-03-10,1,1
LOC-1-2603-000383,FKSSBY,2026-03-06,PT.WAHANA INTRADERMAGA NIAGA,2026-03-10,1,1
LOC-1-2603-000384,FKSSBY,2026-03-06,PT.WAHANA INTRADERMAGA NIAGA,2026-03-10,1,1
LOC-1-2603-000385,FKSSBY,2026-03-06,PT.WAHANA INTRADERMAGA NIAGA,2026-03-10,1,1
LOC-1-2603-000386,FKSSBY,2026-03-06,PT.WAHANA INTRADERMAGA NIAGA,2026-03-10,1,1
LOC-1-2603-000387,FKSSBY,2026-03-06,PT.WAHANA INTRADERMAGA NIAGA,2026-03-10,1,1
LOC-1-2603-000388,FKSSBY,2026-03-06,PT.WAHANA INTRADERMAGA NIAGA,2026-03-10,1,1
LOC-1-2603-000389,FKSSBY,2026-03-06,PT.WAHANA INTRADERMAGA NIAGA,2026-03-10,1,1
LOC-1-2603-000390,FKSSBY,2026-03-06,PT.WAHANA INTRADERMAGA NIAGA,2026-03-10,1,1
LOC-1-2603-000391,FKSSBY,2026-03-06,PT.WAHANA INTRADERMAGA NIAGA,2026-03-10,1,1
LOC-1-2603-000392,FKSSBY,2026-03-06,PT.WAHANA INTRADERMAGA NIAGA,2026-03-10,1,1
LOC-1-2603-000393,FKSSBY,2026-03-06,PT.WAHANA INTRADERMAGA NIAGA,2026-03-10,1,1
LOC-1-2603-000394,FKSSBY,2026-03-03,PT.WAHANA INTRADERMAGA NIAGA,2026-03-10,1,1
LOC-1-2603-000395,FKSSBY,2026-03-03,PT.WAHANA INTRADERMAGA NIAGA,2026-03-10,1,1
LOC-1-2603-000396,FKSSBY,2026-03-03,PT.WAHANA INTRADERMAGA NIAGA,2026-03-10,1,1
LOC-1-2603-000397,FKSSBY,2026-03-03,PT.WAHANA INTRADERMAGA NIAGA,2026-03-10,1,1
LOC-1-2603-000398,FKSSBY,2026-03-03,PT.WAHANA INTRADERMAGA NIAGA,2026-03-10,1,1
LOC-1-2603-000399,FKSSBY,2026-03-03,PT.WAHANA INTRADERMAGA NIAGA,2026-03-10,1,1
LOC-1-2603-000400,FKSSBY,2026-03-03,PT.WAHANA INTRADERMAGA NIAGA,2026-03-10,1,1
LOC-1-2603-000401,FKSSBY,2026-03-03,PT.WAHANA INTRADERMAGA NIAGA,2026-03-10,1,1
LOC-1-2603-000402,FKSSBY,2026-03-03,PT.WAHANA INTRADERMAGA NIAGA,2026-03-10,1,1
LOC-1-2603-000403,FKSSBY,2026-03-03,PT.WAHANA INTRADERMAGA NIAGA,2026-03-10,1,1
LOC-1-2603-000404,FKSSBY,2026-03-03,PT.WAHANA INTRADERMAGA NIAGA,2026-03-10,1,1
LOC-1-2603-000405,FKSSBY,2026-03-03,PT.WAHANA INTRADERMAGA NIAGA,2026-03-10,1,1
LOC-1-2603-000406,FKSSBY,2026-03-03,PT.WAHANA INTRADERMAGA NIAGA,2026-03-10,1,1
LOC-1-2603-000407,FKSSBY,2026-03-03,PT.WAHANA INTRADERMAGA NIAGA,2026-03-10,1,1
LOC-1-2603-000408,FKSSBY,2026-03-03,PT.WAHANA INTRADERMAGA NIAGA,2026-03-10,1,1
LOC-1-2603-000409,FKSSBY,2026-03-03,PT.WAHANA INTRADERMAGA NIAGA,2026-03-10,1,1
LOC-1-2603-000410,FKSSBY,2026-03-03,PT.WAHANA INTRADERMAGA NIAGA,2026-03-10,1,1
LOC-1-2603-000411,FKSSBY,2026-03-03,PT.WAHANA INTRADERMAGA NIAGA,2026-03-10,1,1
LOC-1-2603-000412,FKSSBY,2026-03-03,PT.WAHANA INTRADERMAGA NIAGA,2026-03-10,1,1
LOC-1-2603-000413,FKSSBY,2026-03-03,PT.WAHANA INTRADERMAGA NIAGA,2026-03-10,1,1
LOC-1-2603-000414,FKSSBY,2026-03-03,PT.WAHANA INTRADERMAGA NIAGA,2026-03-10,1,1
LOC-1-2603-000415,FKSSBY,2026-03-03,PT.WAHANA INTRADERMAGA NIAGA,2026-03-10,1,1
LOC-1-2603-000416,FKSSBY,2026-03-03,PT.WAHANA INTRADERMAGA NIAGA,2026-03-10,1,1
LOC-1-2603-000417,FKSSBY,2026-03-02,PT. FKS MULTI AGRO TBK,2026-03-10,1,1
LOC-1-2603-000418,FKSSBY,2026-03-02,PT. FKS MULTI AGRO TBK,2026-03-10,1,1
LOC-1-2603-000419,FKSSBY,2026-03-02,PT. FKS MULTI AGRO TBK,2026-03-10,1,1
LOC-1-2603-000420,FKSSBY,2026-03-02,PT. FKS MULTI AGRO TBK,2026-03-10,1,1
LOC-1-2603-000421,FKSSBY,2026-03-02,PT. FKS MULTI AGRO TBK,2026-03-10,1,1
LOC-1-2603-000422,FKSSBY,2026-03-02,PT. FKS MULTI AGRO TBK,2026-03-10,1,1
LOC-1-2603-000423,FKSSBY,2026-03-02,PT. FKS MULTI AGRO TBK,2026-03-10,1,1
LOC-1-2603-000424,FKSSBY,2026-03-02,PT. FKS MULTI AGRO TBK,2026-03-10,1,1
LOC-1-2603-000425,FKSSBY,2026-03-02,PT. FKS MULTI AGRO TBK,2026-03-10,1,1
LOC-1-2603-000426,FKSSBY,2026-03-02,PT. FKS MULTI AGRO TBK,2026-03-10,1,1
LOC-1-2603-000427,FKSSBY,2026-03-02,PT. FKS MULTI AGRO TBK,2026-03-10,1,1
LOC-1-2603-000428,FKSSBY,2026-03-02,PT. FKS MULTI AGRO TBK,2026-03-10,1,1
LOC-1-2603-000429,FKSSBY,2026-03-02,PT. FKS MULTI AGRO TBK,2026-03-10,1,1
LOC-1-2603-000430,FKSSBY,2026-03-02,PT. FKS MULTI AGRO TBK,2026-03-10,1,1
LOC-1-2603-000431,FKSSBY,2026-03-02,PT. FKS MULTI AGRO TBK,2026-03-10,1,1
LOC-1-2603-000432,FKSSBY,2026-03-02,PT. FKS MULTI AGRO TBK,2026-03-10,1,1
LOC-1-2603-000433,FKSSBY,2026-03-05,PT. FKS MULTI AGRO TBK,2026-03-10,1,1
LOC-1-2603-000434,FKSSBY,2026-03-05,PT. FKS MULTI AGRO TBK,2026-03-10,1,1
LOC-1-2603-000435,FKSSBY,2026-03-05,PT. FKS MULTI AGRO TBK,2026-03-10,1,1
LOC-1-2603-000436,FKSSBY,2026-03-05,PT. FKS MULTI AGRO TBK,2026-03-10,1,1
LOC-1-2603-000437,FKSSBY,2026-03-05,PT. FKS MULTI AGRO TBK,2026-03-10,1,1
LOC-1-2603-000438,FKSSBY,2026-03-05,PT. FKS MULTI AGRO TBK,2026-03-10,1,1
LOC-1-2603-000439,FKSSBY,2026-03-05,PT. FKS MULTI AGRO TBK,2026-03-10,1,1
LOC-1-2603-000440,FKSSBY,2026-03-03,PT. FKS MULTI AGRO TBK,2026-03-10,1,1
LOC-1-2603-000441,FKSSBY,2026-03-06,PT. FKS MULTI AGRO TBK,2026-03-10,1,1
LOC-1-2603-000442,FKSSBY,2026-03-06,PT.WAHANA INTRADERMAGA NIAGA,2026-03-10,1,1
LOC-1-2603-000443,FKSSBY,2026-03-06,PT.WAHANA INTRADERMAGA NIAGA,2026-03-10,1,1
LOC-1-2603-000444,FKSSBY,2026-03-06,PT.WAHANA INTRADERMAGA NIAGA,2026-03-10,1,1
LOC-1-2603-000445,FKSSBY,2026-03-06,PT.WAHANA INTRADERMAGA NIAGA,2026-03-10,1,1
LOC-1-2603-000446,FKSSBY,2026-03-06,PT.WAHANA INTRADERMAGA NIAGA,2026-03-10,1,1
LOC-1-2603-000447,FKSSBY,2026-03-06,PT.WAHANA INTRADERMAGA NIAGA,2026-03-10,1,1
LOC-1-2603-000448,FKSSBY,2026-03-06,PT.WAHANA INTRADERMAGA NIAGA,2026-03-10,1,1
LOC-1-2603-000449,FKSSBY,2026-03-06,PT.WAHANA INTRADERMAGA NIAGA,2026-03-10,1,1
LOC-1-2603-000450,FKSSBY,2026-03-06,PT.WAHANA INTRADERMAGA NIAGA,2026-03-10,1,1
LOC-1-2603-000451,FKSSBY,2026-03-06,PT.WAHANA INTRADERMAGA NIAGA,2026-03-10,1,1
LOC-1-2603-000452,FKSSBY,2026-03-06,PT.WAHANA INTRADERMAGA NIAGA,2026-03-10,1,1
LOC-1-2603-000453,FKSSBY,2026-03-06,PT.WAHANA INTRADERMAGA NIAGA,2026-03-10,1,1
LOC-1-2603-000455,FKSSBY,2026-03-06,PT.WAHANA INTRADERMAGA NIAGA,2026-03-10,1,1
LOC-1-2603-000456,FKSSBY,2026-03-06,PT.WAHANA INTRADERMAGA NIAGA,2026-03-10,1,1
LOC-1-2603-000457,FKSSBY,2026-03-06,PT.WAHANA INTRADERMAGA NIAGA,2026-03-10,1,1
LOC-1-2603-000458,FKSSBY,2026-03-06,PT.WAHANA INTRADERMAGA NIAGA,2026-03-10,1,1
LOC-1-2603-000459,FKSSBY,2026-03-06,PT.WAHANA INTRADERMAGA NIAGA,2026-03-10,1,1
LOC-1-2603-000460,FKSSBY,2026-03-03,PT.WAHANA INTRADERMAGA NIAGA,2026-03-10,1,1
LOC-1-2603-000461,FKSSBY,2026-03-03,PT.WAHANA INTRADERMAGA NIAGA,2026-03-10,1,1
LOC-1-2603-000462,FKSSBY,2026-03-03,PT.WAHANA INTRADERMAGA NIAGA,2026-03-10,1,1
LOC-1-2603-000463,FKSSBY,2026-03-03,PT.WAHANA INTRADERMAGA NIAGA,2026-03-10,1,1
LOC-1-2603-000464,FKSSBY,2026-03-09,PT. FKS MULTI AGRO TBK,2026-03-10,1,1
LOC-1-2603-000465,FKSSBY,2026-03-03,PT.WAHANA INTRADERMAGA NIAGA,2026-03-10,1,1
LOC-1-2603-000466,FKSSBY,2026-03-03,PT.WAHANA INTRADERMAGA NIAGA,2026-03-10,1,1
LOC-1-2603-000467,FKSSBY,2026-03-03,PT.WAHANA INTRADERMAGA NIAGA,2026-03-10,1,1
LOC-1-2603-000468,FKSSBY,2026-03-03,PT.WAHANA INTRADERMAGA NIAGA,2026-03-10,1,1
LOC-1-2603-000469,FKSSBY,2026-03-03,PT.WAHANA INTRADERMAGA NIAGA,2026-03-10,1,1
LOC-1-2603-000470,FKSSBY,2026-03-03,PT.WAHANA INTRADERMAGA NIAGA,2026-03-10,1,1
LOC-1-2603-000471,FKSSBY,2026-03-06,PT.WAHANA INTRADERMAGA NIAGA,2026-03-10,1,1
LOC-1-2603-000472,FKSSBY,2026-03-06,PT.WAHANA INTRADERMAGA NIAGA,2026-03-10,1,1
LOC-1-2603-000473,FKSSBY,2026-03-06,PT.WAHANA INTRADERMAGA NIAGA,2026-03-10,1,1
LOC-1-2603-000474,FKSSBY,2026-03-06,PT.WAHANA INTRADERMAGA NIAGA,2026-03-10,1,1
LOC-1-2603-000475,FKSSBY,2026-03-06,PT.WAHANA INTRADERMAGA NIAGA,2026-03-10,1,1
LOC-1-2603-000476,FKSSBY,2026-03-06,PT.WAHANA INTRADERMAGA NIAGA,2026-03-10,1,1
LOC-1-2603-000477,FKSSBY,2026-03-06,PT.WAHANA INTRADERMAGA NIAGA,2026-03-10,1,1
LOC-1-2603-000478,FKSSBY,2026-03-06,PT.WAHANA INTRADERMAGA NIAGA,2026-03-10,1,1
LOC-1-2603-000479,FKSSBY,2026-03-06,PT.WAHANA INTRADERMAGA NIAGA,2026-03-10,1,1
LOC-1-2603-000480,FKSSBY,2026-03-06,PT.WAHANA INTRADERMAGA NIAGA,2026-03-10,1,1
LOC-1-2603-000481,FKSSBY,2026-03-03,PT.WAHANA INTRADERMAGA NIAGA,2026-03-10,1,1
LOC-1-2603-000482,FKSSBY,2026-03-03,PT.WAHANA INTRADERMAGA NIAGA,2026-03-10,1,1
LOC-1-2603-000483,FKSSBY,2026-03-03,PT.WAHANA INTRADERMAGA NIAGA,2026-03-10,1,1
LOC-1-2603-000484,FKSSBY,2026-03-09,PT Kaldu Sari Nabati Indonesia,2026-03-10,1,1
LOC-1-2603-000485,FKSSBY,2026-03-09,PT Kaldu Sari Nabati Indonesia,2026-03-10,1,1
LOC-1-2603-000486,FKSSBY,2026-03-09,PT Kaldu Sari Nabati Indonesia,2026-03-10,1,1
LOC-1-2603-000487,FKSSBY,2026-03-09,PT Kaldu Sari Nabati Indonesia,2026-03-10,1,1
LOC-1-2603-000488,FKSSBY,2026-03-09,PT Kaldu Sari Nabati Indonesia,2026-03-10,1,1
LOC-1-2603-000489,FKSSBY,2026-03-09,PT Kaldu Sari Nabati Indonesia,2026-03-10,1,1
LOC-1-2603-000490,FKSSBY,2026-03-06,PT.WAHANA INTRADERMAGA NIAGA,2026-03-10,1,1
LOC-1-2603-000491,FKSSBY,2026-03-06,PT.WAHANA INTRADERMAGA NIAGA,2026-03-10,1,1
LOC-1-2603-000492,FKSSBY,2026-03-06,PT.WAHANA INTRADERMAGA NIAGA,2026-03-10,1,1
LOC-1-2603-000493,FKSSBY,2026-03-06,PT.WAHANA INTRADERMAGA NIAGA,2026-03-10,1,1
LOC-1-2603-000494,FKSSBY,2026-03-06,PT.WAHANA INTRADERMAGA NIAGA,2026-03-10,1,1
LOC-1-2603-000495,FKSSBY,2026-03-06,PT.WAHANA INTRADERMAGA NIAGA,2026-03-10,1,1
LOC-1-2603-000496,FKSSBY,2026-03-06,PT.WAHANA INTRADERMAGA NIAGA,2026-03-10,1,1
LOC-1-2603-000497,FKSSBY,2026-03-06,PT.WAHANA INTRADERMAGA NIAGA,2026-03-10,1,1
LOC-1-2603-000498,FKSSBY,2026-03-06,PT.WAHANA INTRADERMAGA NIAGA,2026-03-10,1,1
LOC-1-2603-000499,FKSSBY,2026-03-06,PT.WAHANA INTRADERMAGA NIAGA,2026-03-10,1,1
LOC-1-2603-000500,FKSSBY,2026-03-05,PT. FKS MULTI AGRO TBK,2026-03-10,1,1
LOC-1-2603-000501,FKSSBY,2026-03-09,PT. FKS MULTI AGRO TBK,2026-03-10,1,1
LOC-1-2603-000502,FKSSBY,2026-03-09,PT. FKS MULTI AGRO TBK,2026-03-10,1,1
LOC-1-2603-000503,FKSSBY,2026-03-09,PT. FKS MULTI AGRO TBK,2026-03-10,1,1
LOC-1-2603-000504,FKSSBY,2026-03-09,PT. FKS MULTI AGRO TBK,2026-03-10,1,1
LOC-1-2603-000505,FKSSBY,2026-03-09,PT. FKS MULTI AGRO TBK,2026-03-10,1,1
LOC-1-2603-000506,FKSSBY,2026-03-09,PT. FKS MULTI AGRO TBK,2026-03-10,1,1
LOC-1-2603-000507,FKSSBY,2026-03-09,PT. FKS MULTI AGRO TBK,2026-03-10,1,1
LOC-1-2603-000508,FKSSBY,2026-03-09,PT. FKS MULTI AGRO TBK,2026-03-10,1,1
LOC-1-2603-000509,FKSSBY,2026-03-09,PT. FKS MULTI AGRO TBK,2026-03-10,1,1
LOC-1-2603-000510,FKSSBY,2026-03-09,PT. FKS MULTI AGRO TBK,2026-03-10,1,1
LOC-1-2603-000511,FKSSBY,2026-03-09,PT. FKS MULTI AGRO TBK,2026-03-10,1,1
LOC-1-2603-000512,FKSSBY,2026-03-09,PT. FKS MULTI AGRO TBK,2026-03-10,1,1
LOC-1-2603-000513,FKSSBY,2026-03-09,PT. FKS MULTI AGRO TBK,2026-03-10,1,1
LOC-1-2603-000514,FKSSBY,2026-03-09,PT. FKS MULTI AGRO TBK,2026-03-10,1,1
LOC-1-2603-000515,FKSSBY,2026-03-09,PT. FKS MULTI AGRO TBK,2026-03-10,1,1
LOC-1-2603-000516,FKSSBY,2026-03-06,PT.WAHANA INTRADERMAGA NIAGA,2026-03-10,1,1
LOC-1-2603-000517,FKSSBY,2026-03-06,PT.WAHANA INTRADERMAGA NIAGA,2026-03-10,1,1
LOC-1-2603-000518,FKSSBY,2026-03-06,PT.WAHANA INTRADERMAGA NIAGA,2026-03-10,1,1
LOC-1-2603-000519,FKSSBY,2026-03-06,PT.WAHANA INTRADERMAGA NIAGA,2026-03-10,1,1
LOC-1-2603-000520,FKSSBY,2026-03-06,PT.WAHANA INTRADERMAGA NIAGA,2026-03-10,1,1
LOC-1-2603-000521,FKSSBY,2026-03-10,PT Kaldu Sari Nabati Indonesia,2026-03-10,1,1
LOC-1-2603-000522,FKSSBY,2026-03-10,PT Kaldu Sari Nabati Indonesia,2026-03-10,1,1
LOC-1-2603-000523,FKSSBY,2026-03-10,PT. FKS MULTI AGRO TBK,2026-03-10,1,1
LOC-1-2603-000524,FKSSBY,2026-03-10,PT. FKS MULTI AGRO TBK,2026-03-10,1,1
LOC-1-2603-000525,FKSSBY,2026-03-10,PT. FKS MULTI AGRO TBK,2026-03-10,1,1
LOC-1-2603-000526,FKSSBY,2026-03-10,PT. FKS MULTI AGRO TBK,2026-03-10,1,1
LOC-1-2603-000527,FKSSBY,2026-03-10,PT. FKS MULTI AGRO TBK,2026-03-10,1,1
LOC-1-2603-000528,FKSSBY,2026-03-10,PT. FKS MULTI AGRO TBK,2026-03-10,1,1
LOC-1-2603-000529,FKSSBY,2026-03-10,PT. FKS MULTI AGRO TBK,2026-03-10,1,1
LOC-1-2603-000530,FKSSBY,2026-03-10,PT. FKS MULTI AGRO TBK,2026-03-10,1,1
LOC-1-2603-000531,FKSSBY,2026-03-10,PT. FKS MULTI AGRO TBK,2026-03-10,1,1
LOC-1-2603-000532,FKSSBY,2026-03-10,PT. FKS MULTI AGRO TBK,2026-03-10,1,1
LOC-1-2603-000533,FKSSBY,2026-03-10,PT. FKS MULTI AGRO TBK,2026-03-10,1,1
LOC-1-2603-000534,FKSSBY,2026-03-10,PT. FKS MULTI AGRO TBK,2026-03-10,1,1
LOC-1-2603-000535,FKSSBY,2026-03-10,PT. FKS MULTI AGRO TBK,2026-03-10,1,1
LOC-1-2603-000536,FKSSBY,2026-03-10,PT. FKS MULTI AGRO TBK,2026-03-10,1,1
LOC-1-2603-000537,FKSSBY,2026-03-10,PT. FKS MULTI AGRO TBK,2026-03-10,1,1
LOC-1-2603-000538,FKSSBY,2026-03-10,PT. FKS MULTI AGRO TBK,2026-03-10,1,1
LOC-1-2603-000539,FKSSBY,2026-03-10,PT. FKS MULTI AGRO TBK,2026-03-10,1,1
LOC-1-2603-000540,FKSSBY,2026-03-10,PT Kaldu Sari Nabati Indonesia,2026-03-10,1,1
LOC-1-2603-000541,FKSSBY,2026-03-10,PT Kaldu Sari Nabati Indonesia,2026-03-10,1,1
LOC-1-2603-000542,FKSSBY,2026-03-10,PT. FKS MULTI AGRO TBK,2026-03-10,1,1
LOC-1-2603-000543,FKSSBY,2026-03-10,PT. FKS MULTI AGRO TBK,2026-03-10,1,1
LOC-1-2603-000544,FKSSBY,2026-03-10,PT. FKS MULTI AGRO TBK,2026-03-10,1,1
LOC-1-2603-000545,FKSSBY,2026-03-10,PT. FKS MULTI AGRO TBK,2026-03-10,1,1
LOC-1-2603-000546,FKSSBY,2026-03-10,PT. FKS MULTI AGRO TBK,2026-03-10,1,1
LOC-1-2603-000547,FKSSBY,2026-03-10,PT. FKS MULTI AGRO TBK,2026-03-10,1,1
LOC-1-2603-000548,FKSSBY,2026-03-10,PT. FKS MULTI AGRO TBK,2026-03-10,1,1
LOC-1-2603-000549,FKSSBY,2026-03-10,PT. FKS MULTI AGRO TBK,2026-03-10,1,1
LOC-1-2603-000550,FKSSBY,2026-03-10,PT. FKS MULTI AGRO TBK,2026-03-10,1,1
LOC-1-2603-000551,FKSSBY,2026-03-10,PT. FKS MULTI AGRO TBK,2026-03-10,1,1
LOC-1-2603-000552,FKSSBY,2026-03-10,PT Kaldu Sari Nabati Indonesia,2026-03-10,1,1
LOC-1-2603-000553,FKSSBY,2026-03-10,PT Kaldu Sari Nabati Indonesia,2026-03-10,1,1
LOC-1-2603-000554,FKSSBY,2026-03-10,PT Kaldu Sari Nabati Indonesia,2026-03-10,1,1
LOC-1-2603-000555,FKSSBY,2026-03-10,PT Kaldu Sari Nabati Indonesia,2026-03-10,1,1
LOC-1-2603-000556,FKSSBY,2026-03-10,PT Kaldu Sari Nabati Indonesia,2026-03-10,1,1
LOC-2-2603-000001,FKSCLG,2026-03-02,PT DUTA SENTOSA YASA (MR DIY),2026-03-10,0,0
LOC-2-2603-000002,FKSCLG,2026-03-02,PT DUTA SENTOSA YASA (MR DIY),2026-03-10,0,0
LOC-2-2603-000003,FKSCLG,2026-03-02,PT DUTA SENTOSA YASA (MR DIY),2026-03-10,0,0
LOC-2-2603-000004,FKSCLG,2026-03-02,PT DUTA SENTOSA YASA (MR DIY),2026-03-10,0,0
LOC-2-2603-000005,FKSCLG,2026-03-02,PT DUTA SENTOSA YASA (MR DIY),2026-03-10,0,0
LOC-2-2603-000006,FKSCLG,2026-03-02,PT. CARGILL INDONESIA,2026-03-10,1,1
LOC-2-2603-000007,FKSCLG,2026-03-02,PT. CARGILL INDONESIA,2026-03-10,1,1
LOC-2-2603-000008,FKSCLG,2026-03-02,PT POLYTECH INDO HAUSEN,2026-03-10,0,0
LOC-2-2603-000009,FKSCLG,2026-03-02,PT. Bungasari Flour Mills Indonesia,2026-03-10,0,0
LOC-2-2603-000010,FKSCLG,2026-03-02,PT. Bungasari Flour Mills Indonesia,2026-03-10,0,0
LOC-2-2603-000011,FKSCLG,2026-03-02,PT. Bungasari Flour Mills Indonesia,2026-03-10,1,1
LOC-2-2603-000012,FKSCLG,2026-03-02,PT. Bungasari Flour Mills Indonesia,2026-03-10,1,1
LOC-2-2603-000013,FKSCLG,2026-03-02,PT Permata Dunia Sukses Utama,2026-03-10,0,0
LOC-2-2603-000014,FKSCLG,2026-03-02,PT Lotte Global Logistics  Indonesia,2026-03-10,0,0
LOC-2-2603-000015,FKSCLG,2026-03-02,PT Lotte Global Logistics  Indonesia,2026-03-10,1,1
LOC-2-2603-000016,FKSCLG,2026-03-02,PT Lotte Global Logistics  Indonesia,2026-03-10,1,1
LOC-2-2603-000017,FKSCLG,2026-03-02,PT Lotte Global Logistics  Indonesia,2026-03-10,1,1
LOC-2-2603-000018,FKSCLG,2026-03-02,PT Lotte Global Logistics  Indonesia,2026-03-10,1,1
LOC-2-2603-000019,FKSCLG,2026-03-02,PT. FKS MULTI AGRO TBK,2026-03-10,1,1
LOC-2-2603-000020,FKSCLG,2026-03-02,PT. FKS MULTI AGRO TBK,2026-03-10,1,1
LOC-2-2603-000021,FKSCLG,2026-03-02,PT. FKS MULTI AGRO TBK,2026-03-10,1,1
LOC-2-2603-000022,FKSCLG,2026-03-02,PT. FKS MULTI AGRO TBK,2026-03-10,1,1
LOC-2-2603-000023,FKSCLG,2026-03-02,PT. FKS MULTI AGRO TBK,2026-03-10,1,1
LOC-2-2603-000024,FKSCLG,2026-03-02,PT. FKS MULTI AGRO TBK,2026-03-10,1,1
LOC-2-2603-000025,FKSCLG,2026-03-02,PT. FKS MULTI AGRO TBK,2026-03-10,1,1
LOC-2-2603-000026,FKSCLG,2026-03-02,PT. FKS MULTI AGRO TBK,2026-03-10,1,1
LOC-2-2603-000027,FKSCLG,2026-03-02,PT. FKS MULTI AGRO TBK,2026-03-10,1,1
LOC-2-2603-000028,FKSCLG,2026-03-02,PT. FKS MULTI AGRO TBK,2026-03-10,1,1
LOC-2-2603-000029,FKSCLG,2026-03-02,PT. GERBANG CAHAYA UTAMA,2026-03-10,1,1
LOC-2-2603-000030,FKSCLG,2026-03-02,PT. GERBANG CAHAYA UTAMA,2026-03-10,1,1
LOC-2-2603-000031,FKSCLG,2026-03-02,PT. GERBANG CAHAYA UTAMA,2026-03-10,1,1
LOC-2-2603-000032,FKSCLG,2026-03-02,PT. GERBANG CAHAYA UTAMA,2026-03-10,1,1
LOC-2-2603-000033,FKSCLG,2026-03-02,PT. GERBANG CAHAYA UTAMA,2026-03-10,1,1
LOC-2-2603-000034,FKSCLG,2026-03-02,PT Sewu Segar Nusantara (Sunpride),2026-03-10,1,1
LOC-2-2603-000035,FKSCLG,2026-03-02,PT Sewu Segar Nusantara (Sunpride),2026-03-10,1,1
LOC-2-2603-000036,FKSCLG,2026-03-02,PT Sewu Segar Nusantara (Sunpride),2026-03-10,0,0
LOC-2-2603-000037,FKSCLG,2026-03-02,PT DUTA SENTOSA YASA (MR DIY),2026-03-10,0,0
LOC-2-2603-000038,FKSCLG,2026-03-02,PT Coca-Cola Distribution Indonesia,2026-03-10,1,1
LOC-2-2603-000039,FKSCLG,2026-03-02,PT Coca-Cola Distribution Indonesia,2026-03-10,1,1
LOC-2-2603-000040,FKSCLG,2026-03-02,PT Coca-Cola Distribution Indonesia,2026-03-10,1,1
LOC-2-2603-000041,FKSCLG,2026-03-02,PT Coca-Cola Distribution Indonesia,2026-03-10,1,1
LOC-2-2603-000042,FKSCLG,2026-03-02,PT Coca-Cola Distribution Indonesia,2026-03-10,1,1
LOC-2-2603-000043,FKSCLG,2026-03-02,PT Coca-Cola Distribution Indonesia,2026-03-10,1,1
LOC-2-2603-000044,FKSCLG,2026-03-02,BADAN INBISCO NIAGATAMA SEMESTA,2026-03-10,0,0
LOC-2-2603-000045,FKSCLG,2026-03-02,PT. GERBANG CAHAYA UTAMA,2026-03-10,1,1
LOC-2-2603-000046,FKSCLG,2026-03-02,PT. GERBANG CAHAYA UTAMA,2026-03-10,1,1
LOC-2-2603-000047,FKSCLG,2026-03-02,PT. Arena Agro Andalan,2026-03-10,1,1
LOC-2-2603-000048,FKSCLG,2026-03-02,PT. Arena Agro Andalan,2026-03-10,1,1
LOC-2-2603-000049,FKSCLG,2026-03-02,PT. Arena Agro Andalan,2026-03-10,1,1
LOC-2-2603-000050,FKSCLG,2026-03-02,PT. FKS MULTI AGRO TBK,2026-03-10,0,0
LOC-2-2603-000051,FKSCLG,2026-03-03,PT DUTA SENTOSA YASA (MR DIY),2026-03-10,0,0
LOC-2-2603-000052,FKSCLG,2026-03-03,PT DUTA SENTOSA YASA (MR DIY),2026-03-10,0,0
LOC-2-2603-000053,FKSCLG,2026-03-03,PT Fokus Ritel Indoprima,2026-03-10,1,1
LOC-2-2603-000054,FKSCLG,2026-03-03,PT Fokus Ritel Indoprima,2026-03-10,1,1
LOC-2-2603-000055,FKSCLG,2026-03-03,PT. CARGILL INDONESIA,2026-03-10,1,1
LOC-2-2603-000056,FKSCLG,2026-03-03,PT. CARGILL INDONESIA,2026-03-10,1,1
LOC-2-2603-000057,FKSCLG,2026-03-03,PT. Bungasari Flour Mills Indonesia,2026-03-10,0,0
LOC-2-2603-000058,FKSCLG,2026-03-03,PT. Bungasari Flour Mills Indonesia,2026-03-10,0,0
LOC-2-2603-000059,FKSCLG,2026-03-03,PT Permata Dunia Sukses Utama,2026-03-10,1,1
LOC-2-2603-000060,FKSCLG,2026-03-03,PT Permata Dunia Sukses Utama,2026-03-10,1,1
LOC-2-2603-000061,FKSCLG,2026-03-03,PT Permata Dunia Sukses Utama,2026-03-10,0,0
LOC-2-2603-000062,FKSCLG,2026-03-03,PT. Permata Food Indonesia,2026-03-10,0,0
LOC-2-2603-000063,FKSCLG,2026-03-03,PT. Permata Food Indonesia,2026-03-10,0,0
LOC-2-2603-000064,FKSCLG,2026-03-03,PT. FKS MULTI AGRO TBK,2026-03-10,1,1
LOC-2-2603-000065,FKSCLG,2026-03-03,PT. FKS MULTI AGRO TBK,2026-03-10,1,1
LOC-2-2603-000066,FKSCLG,2026-03-03,PT. FKS MULTI AGRO TBK,2026-03-10,1,1
LOC-2-2603-000067,FKSCLG,2026-03-03,PT. FKS MULTI AGRO TBK,2026-03-10,1,1
LOC-2-2603-000068,FKSCLG,2026-03-03,PT. FKS MULTI AGRO TBK,2026-03-10,1,1
LOC-2-2603-000069,FKSCLG,2026-03-03,PT. GERBANG CAHAYA UTAMA,2026-03-10,1,1
LOC-2-2603-000070,FKSCLG,2026-03-03,PT. GERBANG CAHAYA UTAMA,2026-03-10,1,1
LOC-2-2603-000071,FKSCLG,2026-03-03,PT. GERBANG CAHAYA UTAMA,2026-03-10,1,1
LOC-2-2603-000072,FKSCLG,2026-03-03,PT. GERBANG CAHAYA UTAMA,2026-03-10,1,1
LOC-2-2603-000073,FKSCLG,2026-03-03,PT. GERBANG CAHAYA UTAMA,2026-03-10,1,1
LOC-2-2603-000074,FKSCLG,2026-03-03,PT. FKS MULTI AGRO TBK,2026-03-10,1,1
LOC-2-2603-000075,FKSCLG,2026-03-03,PT. FKS MULTI AGRO TBK,2026-03-10,1,1
LOC-2-2603-000076,FKSCLG,2026-03-03,PT. FKS MULTI AGRO TBK,2026-03-10,1,1
LOC-2-2603-000077,FKSCLG,2026-03-03,PT. FKS MULTI AGRO TBK,2026-03-10,1,1
LOC-2-2603-000078,FKSCLG,2026-03-03,PT. FKS MULTI AGRO TBK,2026-03-10,1,1
LOC-2-2603-000079,FKSCLG,2026-03-03,PT Sewu Segar Nusantara (Sunpride),2026-03-10,0,0
LOC-2-2603-000080,FKSCLG,2026-03-03,PT Sewu Segar Nusantara (Sunpride),2026-03-10,0,0
LOC-2-2603-000081,FKSCLG,2026-03-03,PT. GERBANG CAHAYA UTAMA,2026-03-10,1,1
LOC-2-2603-000082,FKSCLG,2026-03-03,PT. GERBANG CAHAYA UTAMA,2026-03-10,1,1
LOC-2-2603-000083,FKSCLG,2026-03-03,PT. FKS MULTI AGRO TBK,2026-03-10,0,0
LOC-2-2603-000084,FKSCLG,2026-03-03,PT. FKS MULTI AGRO TBK,2026-03-10,0,0
LOC-2-2603-000085,FKSCLG,2026-03-03,PT. FKS MULTI AGRO TBK,2026-03-10,0,0
LOC-2-2603-000086,FKSCLG,2026-03-03,PT Coca-Cola Distribution Indonesia,2026-03-10,1,1
LOC-2-2603-000087,FKSCLG,2026-03-03,PT Coca-Cola Distribution Indonesia,2026-03-10,1,1
LOC-2-2603-000088,FKSCLG,2026-03-03,PT Coca-Cola Distribution Indonesia,2026-03-10,1,1
LOC-2-2603-000089,FKSCLG,2026-03-03,PT Coca-Cola Distribution Indonesia,2026-03-10,1,1
LOC-2-2603-000090,FKSCLG,2026-03-03,PT Coca-Cola Distribution Indonesia,2026-03-10,1,1
LOC-2-2603-000091,FKSCLG,2026-03-03,PT Coca-Cola Distribution Indonesia,2026-03-10,0,0
LOC-2-2603-000092,FKSCLG,2026-03-03,PT. FKS MULTI AGRO TBK,2026-03-10,0,0
LOC-2-2603-000093,FKSCLG,2026-03-03,PT. FKS MULTI AGRO TBK,2026-03-10,0,0
LOC-2-2603-000094,FKSCLG,2026-03-03,PT. Arena Agro Andalan,2026-03-10,0,0
LOC-2-2603-000095,FKSCLG,2026-03-03,PT Sewu Segar Nusantara (Sunpride),2026-03-10,0,0
LOC-2-2603-000096,FKSCLG,2026-03-03,PT Sewu Segar Nusantara (Sunpride),2026-03-10,0,0
LOC-2-2603-000097,FKSCLG,2026-03-03,PT Sewu Segar Nusantara (Sunpride),2026-03-10,0,0
LOC-2-2603-000098,FKSCLG,2026-03-03,PT Coca-Cola Distribution Indonesia,2026-03-10,0,0
LOC-2-2603-000099,FKSCLG,2026-03-04,PT DUTA SENTOSA YASA (MR DIY),2026-03-10,0,0
LOC-2-2603-000100,FKSCLG,2026-03-04,PT DUTA SENTOSA YASA (MR DIY),2026-03-10,0,0
LOC-2-2603-000101,FKSCLG,2026-03-04,PT DUTA SENTOSA YASA (MR DIY),2026-03-10,0,0
LOC-2-2603-000102,FKSCLG,2026-03-04,PT DUTA SENTOSA YASA (MR DIY),2026-03-10,0,0
LOC-2-2603-000103,FKSCLG,2026-03-04,PT DUTA SENTOSA YASA (MR DIY),2026-03-10,0,0
LOC-2-2603-000104,FKSCLG,2026-03-04,PT. Bungasari Flour Mills Indonesia,2026-03-10,0,0
LOC-2-2603-000105,FKSCLG,2026-03-04,PT. Permata Food Indonesia,2026-03-10,0,0
LOC-2-2603-000106,FKSCLG,2026-03-04,FKS Pangan nusantara,2026-03-10,0,0
LOC-2-2603-000107,FKSCLG,2026-03-04,FKS Pangan nusantara,2026-03-10,0,0
LOC-2-2603-000108,FKSCLG,2026-03-04,PT Sewu Segar Nusantara (Sunpride),2026-03-10,0,0
LOC-2-2603-000109,FKSCLG,2026-03-04,PT Sewu Segar Nusantara (Sunpride),2026-03-10,1,1
LOC-2-2603-000110,FKSCLG,2026-03-04,PT Sewu Segar Nusantara (Sunpride),2026-03-10,1,1
LOC-2-2603-000111,FKSCLG,2026-03-04,PT. CARGILL INDONESIA,2026-03-10,1,1
LOC-2-2603-000112,FKSCLG,2026-03-04,PT. CARGILL INDONESIA,2026-03-10,1,1
LOC-2-2603-000113,FKSCLG,2026-03-04,PT. FKS MULTI AGRO TBK,2026-03-10,0,0
LOC-2-2603-000114,FKSCLG,2026-03-04,PT. FKS MULTI AGRO TBK,2026-03-10,0,0
LOC-2-2603-000115,FKSCLG,2026-03-04,PT. GERBANG CAHAYA UTAMA,2026-03-10,1,1
LOC-2-2603-000116,FKSCLG,2026-03-04,PT. GERBANG CAHAYA UTAMA,2026-03-10,1,1
LOC-2-2603-000117,FKSCLG,2026-03-04,PT. GERBANG CAHAYA UTAMA,2026-03-10,1,1
LOC-2-2603-000118,FKSCLG,2026-03-04,PT. GERBANG CAHAYA UTAMA,2026-03-10,1,1
LOC-2-2603-000119,FKSCLG,2026-03-04,PT. GERBANG CAHAYA UTAMA,2026-03-10,1,1
LOC-2-2603-000120,FKSCLG,2026-03-04,PT. GERBANG CAHAYA UTAMA,2026-03-10,1,1
LOC-2-2603-000121,FKSCLG,2026-03-04,PT. GERBANG CAHAYA UTAMA,2026-03-10,1,1
LOC-2-2603-000122,FKSCLG,2026-03-04,PT. FKS MULTI AGRO TBK,2026-03-10,1,1
LOC-2-2603-000123,FKSCLG,2026-03-04,PT. FKS MULTI AGRO TBK,2026-03-10,1,1
LOC-2-2603-000124,FKSCLG,2026-03-04,PT. FKS MULTI AGRO TBK,2026-03-10,1,1
LOC-2-2603-000125,FKSCLG,2026-03-04,PT. FKS MULTI AGRO TBK,2026-03-10,1,1
LOC-2-2603-000126,FKSCLG,2026-03-04,PT. FKS MULTI AGRO TBK,2026-03-10,1,1
LOC-2-2603-000127,FKSCLG,2026-03-04,PT. FKS MULTI AGRO TBK,2026-03-10,1,1
LOC-2-2603-000128,FKSCLG,2026-03-04,PT. FKS MULTI AGRO TBK,2026-03-10,1,1
LOC-2-2603-000129,FKSCLG,2026-03-04,PT. FKS MULTI AGRO TBK,2026-03-10,1,1
LOC-2-2603-000130,FKSCLG,2026-03-04,PT. FKS MULTI AGRO TBK,2026-03-10,1,1
LOC-2-2603-000131,FKSCLG,2026-03-04,PT. FKS MULTI AGRO TBK,2026-03-10,1,1
LOC-2-2603-000132,FKSCLG,2026-03-04,PT. FKS MULTI AGRO TBK,2026-03-10,1,1
LOC-2-2603-000133,FKSCLG,2026-03-04,PT. FKS MULTI AGRO TBK,2026-03-10,1,1
LOC-2-2603-000134,FKSCLG,2026-03-04,PT. FKS MULTI AGRO TBK,2026-03-10,1,1
LOC-2-2603-000135,FKSCLG,2026-03-04,PT Permata Dunia Sukses Utama,2026-03-10,0,0
LOC-2-2603-000136,FKSCLG,2026-03-04,PT Permata Dunia Sukses Utama,2026-03-10,0,0
LOC-2-2603-000137,FKSCLG,2026-03-04,PT. FKS MULTI AGRO TBK,2026-03-10,0,0
LOC-2-2603-000138,FKSCLG,2026-03-04,PT. FKS MULTI AGRO TBK,2026-03-10,0,0
LOC-2-2603-000139,FKSCLG,2026-03-04,PT Lotte Global Logistics  Indonesia,2026-03-10,1,1
LOC-2-2603-000140,FKSCLG,2026-03-04,PT Lotte Global Logistics  Indonesia,2026-03-10,1,1
LOC-2-2603-000141,FKSCLG,2026-03-04,PT. Arena Agro Andalan,2026-03-10,0,0
LOC-2-2603-000142,FKSCLG,2026-03-04,PT Fokus Ritel Nusaprima,2026-03-10,0,0
LOC-2-2603-000143,FKSCLG,2026-03-04,PT Coca-Cola Distribution Indonesia,2026-03-10,1,1
LOC-2-2603-000144,FKSCLG,2026-03-04,PT Coca-Cola Distribution Indonesia,2026-03-10,1,1
LOC-2-2603-000145,FKSCLG,2026-03-04,PT Coca-Cola Distribution Indonesia,2026-03-10,1,1
LOC-2-2603-000146,FKSCLG,2026-03-04,PT Coca-Cola Distribution Indonesia,2026-03-10,1,1
LOC-2-2603-000147,FKSCLG,2026-03-04,PT. FKS MULTI AGRO TBK,2026-03-10,0,0
LOC-2-2603-000148,FKSCLG,2026-03-04,PT Sewu Segar Nusantara (Sunpride),2026-03-10,0,0
LOC-2-2603-000149,FKSCLG,2026-03-04,PT. FKS MULTI AGRO TBK,2026-03-10,0,0
LOC-2-2603-000150,FKSCLG,2026-03-04,PT Coca-Cola Distribution Indonesia,2026-03-10,0,0
LOC-2-2603-000151,FKSCLG,2026-03-05,PT DUTA SENTOSA YASA (MR DIY),2026-03-10,0,0
LOC-2-2603-000152,FKSCLG,2026-03-05,PT DUTA SENTOSA YASA (MR DIY),2026-03-10,0,0
LOC-2-2603-000153,FKSCLG,2026-03-05,PT DUTA SENTOSA YASA (MR DIY),2026-03-10,0,0
LOC-2-2603-000154,FKSCLG,2026-03-05,PT DUTA SENTOSA YASA (MR DIY),2026-03-10,0,0
LOC-2-2603-000155,FKSCLG,2026-03-05,PT. CARGILL INDONESIA,2026-03-10,1,1
LOC-2-2603-000156,FKSCLG,2026-03-05,PT. CARGILL INDONESIA,2026-03-10,1,1
LOC-2-2603-000157,FKSCLG,2026-03-05,BADAN INBISCO NIAGATAMA SEMESTA,2026-03-10,0,0
LOC-2-2603-000158,FKSCLG,2026-03-05,BADAN INBISCO NIAGATAMA SEMESTA,2026-03-10,0,0
LOC-2-2603-000159,FKSCLG,2026-03-05,PT NUTRINDO BOGARASA,2026-03-10,0,0
LOC-2-2603-000160,FKSCLG,2026-03-05,PT. Bungasari Flour Mills Indonesia,2026-03-10,0,0
LOC-2-2603-000161,FKSCLG,2026-03-05,PT POLYTECH INDO HAUSEN,2026-03-10,0,0
LOC-2-2603-000162,FKSCLG,2026-03-05,PT Permata Dunia Sukses Utama,2026-03-10,0,0
LOC-2-2603-000163,FKSCLG,2026-03-05,PT Permata Dunia Sukses Utama,2026-03-10,0,0
LOC-2-2603-000164,FKSCLG,2026-03-05,PT Permata Dunia Sukses Utama,2026-03-10,0,0
LOC-2-2603-000165,FKSCLG,2026-03-05,PT Sewu Segar Nusantara (Sunpride),2026-03-10,0,0
LOC-2-2603-000166,FKSCLG,2026-03-05,PT. GERBANG CAHAYA UTAMA,2026-03-10,1,1
LOC-2-2603-000167,FKSCLG,2026-03-05,PT. GERBANG CAHAYA UTAMA,2026-03-10,1,1
LOC-2-2603-000168,FKSCLG,2026-03-05,PT. GERBANG CAHAYA UTAMA,2026-03-10,1,1
LOC-2-2603-000169,FKSCLG,2026-03-05,PT. GERBANG CAHAYA UTAMA,2026-03-10,1,1
LOC-2-2603-000170,FKSCLG,2026-03-05,PT. GERBANG CAHAYA UTAMA,2026-03-10,1,1
LOC-2-2603-000171,FKSCLG,2026-03-05,PT. GERBANG CAHAYA UTAMA,2026-03-10,1,1
LOC-2-2603-000172,FKSCLG,2026-03-05,PT. GERBANG CAHAYA UTAMA,2026-03-10,1,1
LOC-2-2603-000173,FKSCLG,2026-03-05,PT. FKS MULTI AGRO TBK,2026-03-10,1,1
LOC-2-2603-000174,FKSCLG,2026-03-05,PT. FKS MULTI AGRO TBK,2026-03-10,1,1
LOC-2-2603-000175,FKSCLG,2026-03-05,PT. FKS MULTI AGRO TBK,2026-03-10,1,1
LOC-2-2603-000176,FKSCLG,2026-03-05,PT. FKS MULTI AGRO TBK,2026-03-10,1,1
LOC-2-2603-000177,FKSCLG,2026-03-05,PT. FKS MULTI AGRO TBK,2026-03-10,1,1
LOC-2-2603-000178,FKSCLG,2026-03-05,PT. FKS MULTI AGRO TBK,2026-03-10,0,0
LOC-2-2603-000179,FKSCLG,2026-03-05,PT. Permata Food Indonesia,2026-03-10,0,0
LOC-2-2603-000180,FKSCLG,2026-03-05,PT Fokus Ritel Indoprima,2026-03-10,0,0
LOC-2-2603-000181,FKSCLG,2026-03-05,PT. FKS MULTI AGRO TBK,2026-03-10,1,1
LOC-2-2603-000182,FKSCLG,2026-03-05,PT. FKS MULTI AGRO TBK,2026-03-10,1,1
LOC-2-2603-000183,FKSCLG,2026-03-05,PT. FKS MULTI AGRO TBK,2026-03-10,1,1
LOC-2-2603-000184,FKSCLG,2026-03-05,PT. FKS MULTI AGRO TBK,2026-03-10,1,1
LOC-2-2603-000185,FKSCLG,2026-03-05,PT. FKS MULTI AGRO TBK,2026-03-10,1,1
LOC-2-2603-000186,FKSCLG,2026-03-05,PT. FKS MULTI AGRO TBK,2026-03-10,1,1
LOC-2-2603-000187,FKSCLG,2026-03-05,PT DUTA SENTOSA YASA (MR DIY),2026-03-10,0,0
LOC-2-2603-000188,FKSCLG,2026-03-05,PT. Permata Food Indonesia,2026-03-10,0,0
LOC-2-2603-000189,FKSCLG,2026-03-05,PT. Permata Food Indonesia,2026-03-10,0,0
LOC-2-2603-000190,FKSCLG,2026-03-05,PT. Permata Food Indonesia,2026-03-10,0,0
LOC-2-2603-000191,FKSCLG,2026-03-05,PT. Permata Food Indonesia,2026-03-10,0,0
LOC-2-2603-000192,FKSCLG,2026-03-04,PT DIMA INDONESIA,2026-03-10,1,1
LOC-2-2603-000193,FKSCLG,2026-03-05,PT Coca-Cola Distribution Indonesia,2026-03-10,0,0
LOC-2-2603-000194,FKSCLG,2026-03-05,PT Sewu Segar Nusantara (Sunpride),2026-03-10,0,0
LOC-2-2603-000195,FKSCLG,2026-03-05,PT Permata Dunia Sukses Utama,2026-03-10,0,0
LOC-2-2603-000196,FKSCLG,2026-03-05,PT. Permata Food Indonesia,2026-03-10,0,0
LOC-2-2603-000197,FKSCLG,2026-03-05,PT. Permata Food Indonesia,2026-03-10,0,0
LOC-2-2603-000198,FKSCLG,2026-03-05,PT. Permata Food Indonesia,2026-03-10,0,0
LOC-2-2603-000199,FKSCLG,2026-03-06,PT DUTA SENTOSA YASA (MR DIY),2026-03-10,0,0
LOC-2-2603-000200,FKSCLG,2026-03-06,PT DUTA SENTOSA YASA (MR DIY),2026-03-10,0,0
LOC-2-2603-000201,FKSCLG,2026-03-06,PT DUTA SENTOSA YASA (MR DIY),2026-03-10,0,0
LOC-2-2603-000202,FKSCLG,2026-03-06,PT DUTA SENTOSA YASA (MR DIY),2026-03-10,0,0
LOC-2-2603-000203,FKSCLG,2026-03-06,PT. CARGILL INDONESIA,2026-03-10,1,1
LOC-2-2603-000204,FKSCLG,2026-03-06,PT. CARGILL INDONESIA,2026-03-10,1,1
LOC-2-2603-000205,FKSCLG,2026-03-06,PT Fokus Ritel Nusaprima,2026-03-10,0,0
LOC-2-2603-000206,FKSCLG,2026-03-06,PT NUTRINDO BOGARASA,2026-03-10,0,0
LOC-2-2603-000207,FKSCLG,2026-03-06,PT. FKS MULTI AGRO TBK,2026-03-10,1,1
LOC-2-2603-000208,FKSCLG,2026-03-06,PT. FKS MULTI AGRO TBK,2026-03-10,1,1
LOC-2-2603-000209,FKSCLG,2026-03-06,PT. FKS MULTI AGRO TBK,2026-03-10,1,1
LOC-2-2603-000210,FKSCLG,2026-03-06,PT. FKS MULTI AGRO TBK,2026-03-10,1,1
LOC-2-2603-000211,FKSCLG,2026-03-06,PT. FKS MULTI AGRO TBK,2026-03-10,1,1
LOC-2-2603-000212,FKSCLG,2026-03-06,PT. FKS MULTI AGRO TBK,2026-03-10,1,1
LOC-2-2603-000213,FKSCLG,2026-03-06,PT. FKS MULTI AGRO TBK,2026-03-10,1,1
LOC-2-2603-000214,FKSCLG,2026-03-06,PT. GERBANG CAHAYA UTAMA,2026-03-10,1,1
LOC-2-2603-000215,FKSCLG,2026-03-06,PT. GERBANG CAHAYA UTAMA,2026-03-10,1,1
LOC-2-2603-000216,FKSCLG,2026-03-06,PT. GERBANG CAHAYA UTAMA,2026-03-10,1,1
LOC-2-2603-000217,FKSCLG,2026-03-06,PT Lotte Global Logistics  Indonesia,2026-03-10,1,1
LOC-2-2603-000218,FKSCLG,2026-03-06,PT Lotte Global Logistics  Indonesia,2026-03-10,1,1
LOC-2-2603-000219,FKSCLG,2026-03-06,PT Lotte Global Logistics  Indonesia,2026-03-10,1,1
LOC-2-2603-000220,FKSCLG,2026-03-06,PT Lotte Global Logistics  Indonesia,2026-03-10,1,1
LOC-2-2603-000221,FKSCLG,2026-03-06,PT Lotte Global Logistics  Indonesia,2026-03-10,1,1
LOC-2-2603-000222,FKSCLG,2026-03-06,PT Lotte Global Logistics  Indonesia,2026-03-10,1,1
LOC-2-2603-000223,FKSCLG,2026-03-06,PT. FKS MULTI AGRO TBK,2026-03-10,0,0
LOC-2-2603-000224,FKSCLG,2026-03-06,PT. GERBANG CAHAYA UTAMA,2026-03-10,0,0
LOC-2-2603-000225,FKSCLG,2026-03-06,PT Sewu Segar Nusantara (Sunpride),2026-03-10,0,0
LOC-2-2603-000226,FKSCLG,2026-03-06,PT Sewu Segar Nusantara (Sunpride),2026-03-10,0,0
LOC-2-2603-000227,FKSCLG,2026-03-06,PT. Permata Food Indonesia,2026-03-10,0,0
LOC-2-2603-000228,FKSCLG,2026-03-06,PT DUTA SENTOSA YASA (MR DIY),2026-03-10,0,0
LOC-2-2603-000229,FKSCLG,2026-03-06,PT DUTA SENTOSA YASA (MR DIY),2026-03-10,0,0
LOC-2-2603-000230,FKSCLG,2026-03-02,PT. FKS MULTI AGRO TBK,2026-03-10,1,1
LOC-2-2603-000231,FKSCLG,2026-03-02,PT. FKS MULTI AGRO TBK,2026-03-10,1,1
LOC-2-2603-000232,FKSCLG,2026-03-02,PT. FKS MULTI AGRO TBK,2026-03-10,1,1
LOC-2-2603-000233,FKSCLG,2026-03-02,PT. FKS MULTI AGRO TBK,2026-03-10,1,1
LOC-2-2603-000234,FKSCLG,2026-03-02,PT. FKS MULTI AGRO TBK,2026-03-10,1,1
LOC-2-2603-000235,FKSCLG,2026-03-02,PT. FKS MULTI AGRO TBK,2026-03-10,1,1
LOC-2-2603-000236,FKSCLG,2026-03-02,PT. FKS MULTI AGRO TBK,2026-03-10,1,1
LOC-2-2603-000237,FKSCLG,2026-03-02,PT. FKS MULTI AGRO TBK,2026-03-10,1,1
LOC-2-2603-000238,FKSCLG,2026-03-02,PT. FKS MULTI AGRO TBK,2026-03-10,1,1
LOC-2-2603-000239,FKSCLG,2026-03-02,PT. FKS MULTI AGRO TBK,2026-03-10,1,1
LOC-2-2603-000240,FKSCLG,2026-03-02,PT. FKS MULTI AGRO TBK,2026-03-10,1,1
LOC-2-2603-000241,FKSCLG,2026-03-03,PT. FKS MULTI AGRO TBK,2026-03-10,1,1
LOC-2-2603-000242,FKSCLG,2026-03-03,PT. FKS MULTI AGRO TBK,2026-03-10,1,1
LOC-2-2603-000243,FKSCLG,2026-03-03,PT. FKS MULTI AGRO TBK,2026-03-10,1,1
LOC-2-2603-000244,FKSCLG,2026-03-03,PT. FKS MULTI AGRO TBK,2026-03-10,1,1
LOC-2-2603-000245,FKSCLG,2026-03-03,PT. FKS MULTI AGRO TBK,2026-03-10,1,1
LOC-2-2603-000246,FKSCLG,2026-03-03,PT. FKS MULTI AGRO TBK,2026-03-10,1,1
LOC-2-2603-000247,FKSCLG,2026-03-03,PT. FKS MULTI AGRO TBK,2026-03-10,1,1
LOC-2-2603-000248,FKSCLG,2026-03-03,PT. FKS MULTI AGRO TBK,2026-03-10,1,1
LOC-2-2603-000249,FKSCLG,2026-03-03,PT. FKS MULTI AGRO TBK,2026-03-10,1,1
LOC-2-2603-000250,FKSCLG,2026-03-03,PT. FKS MULTI AGRO TBK,2026-03-10,1,1
LOC-2-2603-000251,FKSCLG,2026-03-03,PT. FKS MULTI AGRO TBK,2026-03-10,1,1
LOC-2-2603-000252,FKSCLG,2026-03-03,PT. FKS MULTI AGRO TBK,2026-03-10,1,1
LOC-2-2603-000253,FKSCLG,2026-03-03,PT. FKS MULTI AGRO TBK,2026-03-10,1,1
LOC-2-2603-000254,FKSCLG,2026-03-03,PT. FKS MULTI AGRO TBK,2026-03-10,1,1
LOC-2-2603-000255,FKSCLG,2026-03-03,PT. FKS MULTI AGRO TBK,2026-03-10,1,1
LOC-2-2603-000256,FKSCLG,2026-03-03,PT. FKS MULTI AGRO TBK,2026-03-10,1,1
LOC-2-2603-000257,FKSCLG,2026-03-03,PT. FKS MULTI AGRO TBK,2026-03-10,1,1
LOC-2-2603-000258,FKSCLG,2026-03-03,PT. FKS MULTI AGRO TBK,2026-03-10,1,1
LOC-2-2603-000259,FKSCLG,2026-03-04,PT. FKS MULTI AGRO TBK,2026-03-10,1,1
LOC-2-2603-000260,FKSCLG,2026-03-04,PT. FKS MULTI AGRO TBK,2026-03-10,1,1
LOC-2-2603-000261,FKSCLG,2026-03-04,PT. FKS MULTI AGRO TBK,2026-03-10,1,1
LOC-2-2603-000262,FKSCLG,2026-03-04,PT. FKS MULTI AGRO TBK,2026-03-10,1,1
LOC-2-2603-000263,FKSCLG,2026-03-04,PT. FKS MULTI AGRO TBK,2026-03-10,1,1
LOC-2-2603-000264,FKSCLG,2026-03-04,PT. FKS MULTI AGRO TBK,2026-03-10,1,1
LOC-2-2603-000265,FKSCLG,2026-03-06,PT. Arena Agro Andalan,2026-03-10,0,0
LOC-2-2603-000266,FKSCLG,2026-03-06,PT. FKS MULTI AGRO TBK,2026-03-10,0,0
LOC-2-2603-000267,FKSCLG,2026-03-06,PT Sewu Segar Nusantara (Sunpride),2026-03-10,0,0
LOC-2-2603-000268,FKSCLG,2026-03-06,PT Sewu Segar Nusantara (Sunpride),2026-03-10,0,0
LOC-2-2603-000269,FKSCLG,2026-03-06,PT Sewu Segar Nusantara (Sunpride),2026-03-10,0,0
LOC-2-2603-000270,FKSCLG,2026-03-06,PT. Permata Food Indonesia,2026-03-10,0,0
LOC-2-2603-000271,FKSCLG,2026-03-06,PT. Permata Food Indonesia,2026-03-10,0,0
LOC-2-2603-000272,FKSCLG,2026-03-06,PT Coca-Cola Distribution Indonesia,2026-03-10,1,1
LOC-2-2603-000273,FKSCLG,2026-03-06,PT Coca-Cola Distribution Indonesia,2026-03-10,1,1
LOC-2-2603-000274,FKSCLG,2026-03-06,PT Coca-Cola Distribution Indonesia,2026-03-10,1,1
LOC-2-2603-000275,FKSCLG,2026-03-06,PT Coca-Cola Distribution Indonesia,2026-03-10,1,1
LOC-2-2603-000276,FKSCLG,2026-03-06,PT Coca-Cola Distribution Indonesia,2026-03-10,1,1
LOC-2-2603-000277,FKSCLG,2026-03-06,PT. Permata Food Indonesia,2026-03-10,0,0
LOC-2-2603-000278,FKSCLG,2026-03-07,PT. GERBANG CAHAYA UTAMA,2026-03-10,1,1
LOC-2-2603-000279,FKSCLG,2026-03-07,PT. GERBANG CAHAYA UTAMA,2026-03-10,1,1
LOC-2-2603-000280,FKSCLG,2026-03-07,PT. GERBANG CAHAYA UTAMA,2026-03-10,1,1
LOC-2-2603-000281,FKSCLG,2026-03-07,PT. GERBANG CAHAYA UTAMA,2026-03-10,1,1
LOC-2-2603-000282,FKSCLG,2026-03-07,PT. GERBANG CAHAYA UTAMA,2026-03-10,1,1
LOC-2-2603-000283,FKSCLG,2026-03-07,PT. GERBANG CAHAYA UTAMA,2026-03-10,1,1
LOC-2-2603-000284,FKSCLG,2026-03-07,PT. GERBANG CAHAYA UTAMA,2026-03-10,1,1
LOC-2-2603-000285,FKSCLG,2026-03-07,PT. FKS MULTI AGRO TBK,2026-03-10,0,0
LOC-2-2603-000286,FKSCLG,2026-03-07,PT Lotte Global Logistics  Indonesia,2026-03-10,1,1
LOC-2-2603-000287,FKSCLG,2026-03-07,PT Lotte Global Logistics  Indonesia,2026-03-10,1,1
LOC-2-2603-000288,FKSCLG,2026-03-07,PT Lotte Global Logistics  Indonesia,2026-03-10,1,1
LOC-2-2603-000289,FKSCLG,2026-03-07,PT Lotte Global Logistics  Indonesia,2026-03-10,1,1
LOC-2-2603-000290,FKSCLG,2026-03-07,PT Lotte Global Logistics  Indonesia,2026-03-10,1,1
LOC-2-2603-000291,FKSCLG,2026-03-07,PT Lotte Global Logistics  Indonesia,2026-03-10,1,1
LOC-2-2603-000292,FKSCLG,2026-03-07,PT Lotte Global Logistics  Indonesia,2026-03-10,1,1
LOC-2-2603-000293,FKSCLG,2026-03-07,PT Lotte Global Logistics  Indonesia,2026-03-10,1,1
LOC-2-2603-000294,FKSCLG,2026-03-07,PT DUTA SENTOSA YASA (MR DIY),2026-03-10,1,1
LOC-2-2603-000295,FKSCLG,2026-03-07,PT DUTA SENTOSA YASA (MR DIY),2026-03-10,1,1
LOC-2-2603-000296,FKSCLG,2026-03-07,PT DUTA SENTOSA YASA (MR DIY),2026-03-10,1,1
LOC-2-2603-000297,FKSCLG,2026-03-07,PT DUTA SENTOSA YASA (MR DIY),2026-03-10,1,1
LOC-2-2603-000298,FKSCLG,2026-03-07,PT DUTA SENTOSA YASA (MR DIY),2026-03-10,1,1
LOC-2-2603-000299,FKSCLG,2026-03-07,PT DUTA SENTOSA YASA (MR DIY),2026-03-10,1,1
LOC-2-2603-000300,FKSCLG,2026-03-07,PT. Bungasari Flour Mills Indonesia,2026-03-10,1,1
LOC-2-2603-000301,FKSCLG,2026-03-07,PT. Bungasari Flour Mills Indonesia,2026-03-10,1,1
LOC-2-2603-000302,FKSCLG,2026-03-07,PT. Bungasari Flour Mills Indonesia,2026-03-10,1,1
LOC-2-2603-000303,FKSCLG,2026-03-07,PT. Bungasari Flour Mills Indonesia,2026-03-10,1,1
LOC-2-2603-000304,FKSCLG,2026-03-07,PT. Bungasari Flour Mills Indonesia,2026-03-10,1,1
LOC-2-2603-000305,FKSCLG,2026-03-07,PT Permata Dunia Sukses Utama,2026-03-10,0,0
LOC-2-2603-000306,FKSCLG,2026-03-07,PT. FKS MULTI AGRO TBK,2026-03-10,0,0
LOC-2-2603-000307,FKSCLG,2026-03-07,PT. Permata Food Indonesia,2026-03-10,1,1
LOC-2-2603-000308,FKSCLG,2026-03-07,PT. Permata Food Indonesia,2026-03-10,1,1
LOC-2-2603-000309,FKSCLG,2026-03-07,PT. Permata Food Indonesia,2026-03-10,1,1
LOC-2-2603-000310,FKSCLG,2026-03-07,PT Sewu Segar Nusantara (Sunpride),2026-03-10,1,1
LOC-2-2603-000311,FKSCLG,2026-03-07,PT Sewu Segar Nusantara (Sunpride),2026-03-10,1,1
LOC-2-2603-000312,FKSCLG,2026-03-07,PT Sewu Segar Nusantara (Sunpride),2026-03-10,1,1
LOC-2-2603-000313,FKSCLG,2026-03-07,PT. Permata Food Indonesia,2026-03-10,0,0
LOC-2-2603-000314,FKSCLG,2026-03-07,PT. Permata Food Indonesia,2026-03-10,0,0
LOC-2-2603-000315,FKSCLG,2026-03-07,PT. Permata Food Indonesia,2026-03-10,0,0
LOC-2-2603-000316,FKSCLG,2026-03-08,PT Permata Dunia Sukses Utama,2026-03-10,0,0
LOC-2-2603-000317,FKSCLG,2026-03-09,PT DUTA SENTOSA YASA (MR DIY),2026-03-10,1,1
LOC-2-2603-000318,FKSCLG,2026-03-09,PT DUTA SENTOSA YASA (MR DIY),2026-03-10,1,1
LOC-2-2603-000319,FKSCLG,2026-03-09,PT DUTA SENTOSA YASA (MR DIY),2026-03-10,1,1
LOC-2-2603-000320,FKSCLG,2026-03-09,PT DUTA SENTOSA YASA (MR DIY),2026-03-10,1,1
LOC-2-2603-000321,FKSCLG,2026-03-09,PT DUTA SENTOSA YASA (MR DIY),2026-03-10,1,1
LOC-2-2603-000322,FKSCLG,2026-03-09,PT. CARGILL INDONESIA,2026-03-10,1,1
LOC-2-2603-000323,FKSCLG,2026-03-09,PT. CARGILL INDONESIA,2026-03-10,1,1
LOC-2-2603-000324,FKSCLG,2026-03-09,PT. Bungasari Flour Mills Indonesia,2026-03-10,1,1
LOC-2-2603-000325,FKSCLG,2026-03-09,PT. Bungasari Flour Mills Indonesia,2026-03-10,1,1
LOC-2-2603-000326,FKSCLG,2026-03-09,PT. Bungasari Flour Mills Indonesia,2026-03-10,1,1
LOC-2-2603-000327,FKSCLG,2026-03-09,PT. Bungasari Flour Mills Indonesia,2026-03-10,1,1
LOC-2-2603-000328,FKSCLG,2026-03-09,PT. Bungasari Flour Mills Indonesia,2026-03-10,1,1
LOC-2-2603-000329,FKSCLG,2026-03-09,PT Permata Dunia Sukses Utama,2026-03-10,0,0
LOC-2-2603-000330,FKSCLG,2026-03-09,PT. Bungasari Flour Mills Indonesia,2026-03-10,0,0
LOC-2-2603-000331,FKSCLG,2026-03-09,PT. FKS MULTI AGRO TBK,2026-03-10,0,0
LOC-2-2603-000332,FKSCLG,2026-03-09,PT DIMA INDONESIA,2026-03-10,0,0
LOC-2-2603-000333,FKSCLG,2026-03-09,PT Coca-Cola Distribution Indonesia,2026-03-10,1,1
LOC-2-2603-000334,FKSCLG,2026-03-09,PT Coca-Cola Distribution Indonesia,2026-03-10,1,1
LOC-2-2603-000335,FKSCLG,2026-03-09,PT Coca-Cola Distribution Indonesia,2026-03-10,1,1
LOC-2-2603-000336,FKSCLG,2026-03-09,PT Coca-Cola Distribution Indonesia,2026-03-10,1,1
LOC-2-2603-000337,FKSCLG,2026-03-09,PT Coca-Cola Distribution Indonesia,2026-03-10,1,1
LOC-2-2603-000338,FKSCLG,2026-03-09,PT. GERBANG CAHAYA UTAMA,2026-03-10,1,1
LOC-2-2603-000339,FKSCLG,2026-03-09,PT. GERBANG CAHAYA UTAMA,2026-03-10,1,1
LOC-2-2603-000340,FKSCLG,2026-03-09,PT. GERBANG CAHAYA UTAMA,2026-03-10,1,1
LOC-2-2603-000341,FKSCLG,2026-03-09,PT. GERBANG CAHAYA UTAMA,2026-03-10,1,1
LOC-2-2603-000342,FKSCLG,2026-03-09,PT. GERBANG CAHAYA UTAMA,2026-03-10,1,1
LOC-2-2603-000343,FKSCLG,2026-03-09,PT. GERBANG CAHAYA UTAMA,2026-03-10,1,1
LOC-2-2603-000344,FKSCLG,2026-03-09,PT. GERBANG CAHAYA UTAMA,2026-03-10,1,1
LOC-2-2603-000345,FKSCLG,2026-03-09,PT. FKS MULTI AGRO TBK,2026-03-10,1,1
LOC-2-2603-000346,FKSCLG,2026-03-09,PT. FKS MULTI AGRO TBK,2026-03-10,1,1
LOC-2-2603-000347,FKSCLG,2026-03-09,PT. FKS MULTI AGRO TBK,2026-03-10,1,1
LOC-2-2603-000348,FKSCLG,2026-03-09,PT. FKS MULTI AGRO TBK,2026-03-10,1,1
LOC-2-2603-000349,FKSCLG,2026-03-09,PT. FKS MULTI AGRO TBK,2026-03-10,1,1
LOC-2-2603-000350,FKSCLG,2026-03-09,PT. FKS MULTI AGRO TBK,2026-03-10,1,1
LOC-2-2603-000351,FKSCLG,2026-03-09,PT. FKS MULTI AGRO TBK,2026-03-10,1,1
LOC-2-2603-000352,FKSCLG,2026-03-09,PT. FKS MULTI AGRO TBK,2026-03-10,1,1
LOC-2-2603-000353,FKSCLG,2026-03-09,PT. FKS MULTI AGRO TBK,2026-03-10,1,1
LOC-2-2603-000354,FKSCLG,2026-03-09,PT. FKS MULTI AGRO TBK,2026-03-10,1,1
LOC-2-2603-000355,FKSCLG,2026-03-09,PT. FKS MULTI AGRO TBK,2026-03-10,1,1
LOC-2-2603-000356,FKSCLG,2026-03-09,PT Lotte Global Logistics  Indonesia,2026-03-10,1,1
LOC-2-2603-000357,FKSCLG,2026-03-09,PT Lotte Global Logistics  Indonesia,2026-03-10,1,1
LOC-2-2603-000358,FKSCLG,2026-03-09,PT Lotte Global Logistics  Indonesia,2026-03-10,1,1
LOC-2-2603-000359,FKSCLG,2026-03-09,PT Lotte Global Logistics  Indonesia,2026-03-10,1,1
LOC-2-2603-000360,FKSCLG,2026-03-09,PT Lotte Global Logistics  Indonesia,2026-03-10,1,1
LOC-2-2603-000361,FKSCLG,2026-03-09,PT Lotte Global Logistics  Indonesia,2026-03-10,1,1
LOC-2-2603-000362,FKSCLG,2026-03-09,PT Lotte Global Logistics  Indonesia,2026-03-10,1,1
LOC-2-2603-000363,FKSCLG,2026-03-09,PT Lotte Global Logistics  Indonesia,2026-03-10,1,1
LOC-2-2603-000364,FKSCLG,2026-03-09,PT. Permata Food Indonesia,2026-03-10,1,1
LOC-2-2603-000365,FKSCLG,2026-03-09,PT. Permata Food Indonesia,2026-03-10,1,1
LOC-2-2603-000366,FKSCLG,2026-03-09,PT. Permata Food Indonesia,2026-03-10,1,1
LOC-2-2603-000367,FKSCLG,2026-03-09,PT. FKS MULTI AGRO TBK,2026-03-10,0,0
LOC-2-2603-000368,FKSCLG,2026-03-03,PT. FKS MULTI AGRO TBK,2026-03-10,1,1
LOC-2-2603-000369,FKSCLG,2026-03-03,PT. FKS MULTI AGRO TBK,2026-03-10,1,1
LOC-2-2603-000370,FKSCLG,2026-03-09,PT Sewu Segar Nusantara (Sunpride),2026-03-10,0,0
LOC-2-2603-000371,FKSCLG,2026-03-09,PT. Permata Food Indonesia,2026-03-10,0,0
LOC-2-2603-000372,FKSCLG,2026-03-02,PT. FKS MULTI AGRO TBK,2026-03-10,1,1
LOC-2-2603-000373,FKSCLG,2026-03-09,PT Sewu Segar Nusantara (Sunpride),2026-03-10,0,0
LOC-2-2603-000374,FKSCLG,2026-03-10,PT DUTA SENTOSA YASA (MR DIY),2026-03-10,1,1
LOC-2-2603-000375,FKSCLG,2026-03-10,PT DUTA SENTOSA YASA (MR DIY),2026-03-10,1,1
LOC-2-2603-000376,FKSCLG,2026-03-10,PT DUTA SENTOSA YASA (MR DIY),2026-03-10,1,1
LOC-2-2603-000377,FKSCLG,2026-03-10,PT DUTA SENTOSA YASA (MR DIY),2026-03-10,1,1
LOC-2-2603-000378,FKSCLG,2026-03-10,PT DUTA SENTOSA YASA (MR DIY),2026-03-10,1,1
LOC-2-2603-000379,FKSCLG,2026-03-10,PT DUTA SENTOSA YASA (MR DIY),2026-03-10,1,1
LOC-2-2603-000380,FKSCLG,2026-03-10,PT. CARGILL INDONESIA,2026-03-10,1,1
LOC-2-2603-000381,FKSCLG,2026-03-10,PT. CARGILL INDONESIA,2026-03-10,1,1
LOC-2-2603-000382,FKSCLG,2026-03-10,PT. Bungasari Flour Mills Indonesia,2026-03-10,1,1
LOC-2-2603-000383,FKSCLG,2026-03-10,PT. Bungasari Flour Mills Indonesia,2026-03-10,1,1
LOC-2-2603-000384,FKSCLG,2026-03-10,PT. Bungasari Flour Mills Indonesia,2026-03-10,1,1
LOC-2-2603-000385,FKSCLG,2026-03-10,PT. Bungasari Flour Mills Indonesia,2026-03-10,1,1
LOC-2-2603-000386,FKSCLG,2026-03-10,PT. Bungasari Flour Mills Indonesia,2026-03-10,1,1
LOC-2-2603-000387,FKSCLG,2026-03-10,PT Coca-Cola Distribution Indonesia,2026-03-10,1,1
LOC-2-2603-000388,FKSCLG,2026-03-10,PT Coca-Cola Distribution Indonesia,2026-03-10,1,1
LOC-2-2603-000389,FKSCLG,2026-03-10,PT Coca-Cola Distribution Indonesia,2026-03-10,1,1
LOC-2-2603-000390,FKSCLG,2026-03-10,PT Coca-Cola Distribution Indonesia,2026-03-10,1,1
LOC-2-2603-000391,FKSCLG,2026-03-10,PT Permata Dunia Sukses Utama,2026-03-10,0,0
LOC-2-2603-000392,FKSCLG,2026-03-10,PT Sewu Segar Nusantara (Sunpride),2026-03-10,0,0
LOC-2-2603-000393,FKSCLG,2026-03-10,BADAN INBISCO NIAGATAMA SEMESTA,2026-03-10,1,1
LOC-2-2603-000394,FKSCLG,2026-03-10,BADAN INBISCO NIAGATAMA SEMESTA,2026-03-10,1,1
LOC-2-2603-000395,FKSCLG,2026-03-10,BADAN INBISCO NIAGATAMA SEMESTA,2026-03-10,1,1
LOC-2-2603-000396,FKSCLG,2026-03-10,PT. GERBANG CAHAYA UTAMA,2026-03-10,1,1
LOC-2-2603-000397,FKSCLG,2026-03-10,PT. GERBANG CAHAYA UTAMA,2026-03-10,1,1
LOC-2-2603-000398,FKSCLG,2026-03-10,PT. GERBANG CAHAYA UTAMA,2026-03-10,1,1
LOC-2-2603-000399,FKSCLG,2026-03-10,PT. GERBANG CAHAYA UTAMA,2026-03-10,1,1
LOC-2-2603-000400,FKSCLG,2026-03-09,FKS Pangan nusantara,2026-03-10,1,1
LOC-2-2603-000401,FKSCLG,2026-03-10,PT. FKS MULTI AGRO TBK,2026-03-10,1,1
LOC-2-2603-000402,FKSCLG,2026-03-10,PT. FKS MULTI AGRO TBK,2026-03-10,1,1
LOC-2-2603-000403,FKSCLG,2026-03-10,PT. FKS MULTI AGRO TBK,2026-03-10,1,1
LOC-2-2603-000404,FKSCLG,2026-03-10,PT. FKS MULTI AGRO TBK,2026-03-10,1,1
LOC-2-2603-000405,FKSCLG,2026-03-10,PT. FKS MULTI AGRO TBK,2026-03-10,1,1
LOC-2-2603-000406,FKSCLG,2026-03-10,PT. FKS MULTI AGRO TBK,2026-03-10,1,1
LOC-2-2603-000407,FKSCLG,2026-03-03,PT. FKS MULTI AGRO TBK,2026-03-10,1,1
LOC-2-2603-000408,FKSCLG,2026-03-03,PT. FKS MULTI AGRO TBK,2026-03-10,1,1
LOC-2-2603-000409,FKSCLG,2026-03-03,PT. FKS MULTI AGRO TBK,2026-03-10,1,1
LOC-2-2603-000410,FKSCLG,2026-03-03,PT. FKS MULTI AGRO TBK,2026-03-10,1,1
LOC-2-2603-000411,FKSCLG,2026-03-03,PT. FKS MULTI AGRO TBK,2026-03-10,1,1
LOC-2-2603-000412,FKSCLG,2026-03-10,PT. FKS MULTI AGRO TBK,2026-03-10,1,1
LOC-2-2603-000413,FKSCLG,2026-03-10,PT. FKS MULTI AGRO TBK,2026-03-10,1,1
LOC-2-2603-000414,FKSCLG,2026-03-10,PT. GERBANG CAHAYA UTAMA,2026-03-10,1,1
LOC-2-2603-000415,FKSCLG,2026-03-10,PT. GERBANG CAHAYA UTAMA,2026-03-10,1,1
LOC-2-2603-000416,FKSCLG,2026-03-10,PT. Arena Agro Andalan,2026-03-10,0,0
LOC-2-2603-000417,FKSCLG,2026-03-10,PT. GERBANG CAHAYA UTAMA,2026-03-10,0,0
LOC-2-2603-000418,FKSCLG,2026-03-03,PT. FKS MULTI AGRO TBK,2026-03-10,1,1
LOC-2-2603-000419,FKSCLG,2026-03-05,PT. FKS MULTI AGRO TBK,2026-03-10,1,1
LOC-2-2603-000420,FKSCLG,2026-03-03,PT. FKS MULTI AGRO TBK,2026-03-10,1,1
LOC-2-2603-000421,FKSCLG,2026-03-05,PT. FKS MULTI AGRO TBK,2026-03-10,1,1
LOC-2-2603-000422,FKSCLG,2026-03-10,PT. Arena Agro Andalan,2026-03-10,0,0
LOC-2-2603-000423,FKSCLG,2026-03-10,PT Sewu Segar Nusantara (Sunpride),2026-03-10,0,0
LOC-2-2603-000424,FKSCLG,2026-03-10,PT Sewu Segar Nusantara (Sunpride),2026-03-10,0,0
LOC-2-2603-000425,FKSCLG,2026-03-10,PT Lotte Global Logistics  Indonesia,2026-03-10,1,1
LOC-2-2603-000426,FKSCLG,2026-03-10,PT Lotte Global Logistics  Indonesia,2026-03-10,1,1
LOC-2-2603-000427,FKSCLG,2026-03-10,PT Lotte Global Logistics  Indonesia,2026-03-10,1,1
LOC-2-2603-000428,FKSCLG,2026-03-10,PT Lotte Global Logistics  Indonesia,2026-03-10,1,1
LOC-2-2603-000429,FKSCLG,2026-03-10,PT. Permata Food Indonesia,2026-03-10,0,0
LOC-2-2603-000430,FKSCLG,2026-03-10,PT. Permata Food Indonesia,2026-03-10,0,0
LOC-2-2603-000431,FKSCLG,2026-03-11,PT. GERBANG CAHAYA UTAMA,2026-03-10,0,0
LOC-2-2603-000432,FKSCLG,2026-03-11,PT. GERBANG CAHAYA UTAMA,2026-03-10,0,0
LOC-2-2603-000433,FKSCLG,2026-03-11,PT. GERBANG CAHAYA UTAMA,2026-03-10,0,0
LOC-2-2603-000434,FKSCLG,2026-03-11,PT. GERBANG CAHAYA UTAMA,2026-03-10,0,0
LOC-2-2603-000435,FKSCLG,2026-03-11,PT. GERBANG CAHAYA UTAMA,2026-03-10,0,0
LOC-2-2603-000436,FKSCLG,2026-03-11,PT. GERBANG CAHAYA UTAMA,2026-03-10,0,0
LOC-2-2603-000437,FKSCLG,2026-03-11,PT. GERBANG CAHAYA UTAMA,2026-03-10,0,0
LOC-2-2603-000438,FKSCLG,2026-03-11,PT. FKS MULTI AGRO TBK,2026-03-10,0,0
LOC-2-2603-000439,FKSCLG,2026-03-11,PT. FKS MULTI AGRO TBK,2026-03-10,0,0
LOC-2-2603-000440,FKSCLG,2026-03-11,PT. FKS MULTI AGRO TBK,2026-03-10,0,0
LOC-2-2603-000441,FKSCLG,2026-03-11,PT. FKS MULTI AGRO TBK,2026-03-10,0,0
LOC-2-2603-000442,FKSCLG,2026-03-11,PT. FKS MULTI AGRO TBK,2026-03-10,0,0
LOC-2-2603-000443,FKSCLG,2026-03-11,PT. FKS MULTI AGRO TBK,2026-03-10,0,0
LOC-2-2603-000444,FKSCLG,2026-03-11,PT. FKS MULTI AGRO TBK,2026-03-10,0,0
LOC-2-2603-000445,FKSCLG,2026-03-11,PT. FKS MULTI AGRO TBK,2026-03-10,0,0
LOC-2-2603-000446,FKSCLG,2026-03-11,PT Lotte Global Logistics  Indonesia,2026-03-10,0,0
LOC-2-2603-000447,FKSCLG,2026-03-11,PT Lotte Global Logistics  Indonesia,2026-03-10,0,0
LOC-2-2603-000448,FKSCLG,2026-03-11,PT Coca-Cola Distribution Indonesia,2026-03-10,0,0
LOC-2-2603-000449,FKSCLG,2026-03-11,PT Coca-Cola Distribution Indonesia,2026-03-10,0,0
LOC-2-2603-000450,FKSCLG,2026-03-11,PT Coca-Cola Distribution Indonesia,2026-03-10,0,0
LOC-2-2603-000451,FKSCLG,2026-03-11,PT Coca-Cola Distribution Indonesia,2026-03-10,0,0
LOC-2-2603-000452,FKSCLG,2026-03-11,PT DUTA SENTOSA YASA (MR DIY),2026-03-10,0,0
LOC-2-2603-000453,FKSCLG,2026-03-11,PT DUTA SENTOSA YASA (MR DIY),2026-03-10,0,0
LOC-2-2603-000454,FKSCLG,2026-03-11,PT DUTA SENTOSA YASA (MR DIY),2026-03-10,0,0
LOC-2-2603-000455,FKSCLG,2026-03-11,PT DUTA SENTOSA YASA (MR DIY),2026-03-10,0,0
LOC-2-2603-000456,FKSCLG,2026-03-11,PT. CARGILL INDONESIA,2026-03-10,0,0
LOC-2-2603-000457,FKSCLG,2026-03-11,PT. CARGILL INDONESIA,2026-03-10,0,0
LOC-2-2603-000458,FKSCLG,2026-03-11,PT. TIRTA FRESINDO JAYA,2026-03-10,0,0
LOC-2-2603-000459,FKSCLG,2026-03-11,PT Fokus Ritel Indoprima,2026-03-10,0,0
LOC-2-2603-000460,FKSCLG,2026-03-11,PT. FKS MULTI AGRO TBK,2026-03-10,0,0
LOC-2-2603-000461,FKSCLG,2026-03-11,PT Sewu Segar Nusantara (Sunpride),2026-03-10,0,0
LOC-2-2603-000462,FKSCLG,2026-03-11,PT Sewu Segar Nusantara (Sunpride),2026-03-10,0,0
LOC-2-2603-000463,FKSCLG,2026-03-11,PT Sewu Segar Nusantara (Sunpride),2026-03-10,0,0
LOC-2-2603-000464,FKSCLG,2026-03-09,FKS Pangan nusantara,2026-03-10,1,1
LOC-2-2603-000465,FKSCLG,2026-03-11,PT. Bungasari Flour Mills Indonesia,2026-03-10,0,0
LOC-2-2603-000466,FKSCLG,2026-03-11,PT. Bungasari Flour Mills Indonesia,2026-03-10,0,0
LOC-2-2603-000467,FKSCLG,2026-03-11,PT. Bungasari Flour Mills Indonesia,2026-03-10,0,0
LOC-2-2603-000468,FKSCLG,2026-03-11,PT. Bungasari Flour Mills Indonesia,2026-03-10,0,0
